polymer_id,smiles_canonical,polymer_class,row_index
0,*CC*,1,0
1,*CC(*)C,1,1
2,*CC(*)CC,1,2
3,*CC(*)CCC,1,3
4,*CC(*)C(C)C,1,4
5,*CC(*)CCCC,1,5
6,*CC(*)CC(C)C,1,6
7,*CC(*)CCCCC,1,7
8,*CC(*)CCC(C)CC,1,8
9,*CC(*)CCCCCCC,1,9
10,*CC(*)CCCCCCCC,1,10
11,*CC(*)(C)C,1,11
12,*CC(*)(C)CC,1,12
13,*CCC(*)(C)C,1,13
14,*CC(C)C(*)(C)C,1,14
15,*CCCC(*)(C)C,1,15
16,*CCCC(*)(C)CC,1,16
17,*CCCCCCCC(*)C,1,17
18,*CC(*)C1CC1,1,18
19,*CC(*)C1CCC1,1,19
20,*CC(*)C1CCCC1,1,20
21,*CC(*)CC1CCCC1,1,21
22,*CC(*)C1CCCCC1,1,22
23,*CC(*)CC1CCCCC1,1,23
24,*CC(*)Cc1ccccc1,1,24
25,*CC(*)CCc1ccccc1,1,25
26,*CC(*)C(C)c1ccccc1,1,26
27,*CC1CCC(*)C1,1,27
28,*CC(*)CCCCCC,1,28
29,*CC(*)CCCCCCCCCC,1,29
30,*CC(*)CCCCCCCCCCCC,1,30
31,*CC(*)CCCCCCCCCCCCCCCC,1,31
32,*CC(*)C(C)CC,1,32
33,*CC(*)C(CC)CC,1,33
34,*CC(*)CC(CC)CC,1,34
35,*CC(*)CC(C)CC,1,35
36,*CC(*)CC(C)(C)C,1,36
37,*CC(*)CC(C)(C)CC,1,37
38,*CC(*)CCCC(C)(C)C,1,38
39,*CC(*)CCC1CCCCC1,1,39
40,*CC(*)CCCC1CCCCC1,1,40
41,*CC1(*)CCC(C)CC1,1,41
42,*CC(*)(C)CCC,1,42
43,*/C=C/CC*,1,43
44,*/C=C\CC*,1,44
45,*C=CCC*,1,45
46,*C(C)C(*)C,1,46
47,*/C=C/*,1,47
48,*CCC(C)C(*)C,1,48
49,*CCC1CCCC1*,1,49
50,*C=CCCCCCCCC*,1,50
51,*CC(*)CCCCCCCCCCCCCCCCCCCC,1,51
52,*/C=C/CCCCCCCCCC*,1,52
53,*CC(*)CCCCCCCCCCCCCC,1,53
54,*C=CCCCCCC*,1,54
55,*/C=C/CCC*,1,55
56,*CC(*)C(C)(C)C,1,56
57,*/C=C\CCCC*,1,57
58,*CC(*)CCCCCCCCCCCCC,1,58
59,*C(CC)C(*)CC,1,59
60,*CC(*)CCCCCCCCCCC,1,60
61,*CC(*)CCCCCCCCC,1,61
62,*CC(*)C1CCCC(C)C1,1,62
63,*CC(*)C1CCC(C)CC1,1,63
64,*CC(*)C1CC=CCC1,1,64
65,*CCC=C(*)CCCCCCC,1,65
66,*CCC=C(*)C(C)C,1,66
67,*/C=C\CCC*,1,67
68,*CC(*)CCC(C)(C)C,1,68
69,*C1CCC1*,1,69
70,*/C=C\*,1,70
71,*/C=C\CCCCC*,1,71
72,*C=CC1CCC(*)C1,1,72
73,*/C=C/C(C*)C(C)CC,1,73
74,*CCC=C(*)CCC,1,74
75,*C=CCCCCCCCCCC*,1,75
76,*CC1(*)CCCCC1,1,76
77,*C=CC(C)CCCCC*,1,77
78,*CC/C=C(\*)C(C)(C)C,1,78
79,*CC(*)c1ccccc1,2,79
80,*CC(*)c1ccccc1C,2,80
81,*CC(*)c1ccccc1CC,2,81
82,*CC(*)c1ccccc1COC,2,82
83,*CC(*)c1ccccc1COCC,2,83
84,*CC(*)c1ccccc1COCCC,2,84
85,*CC(*)c1ccccc1COC(C)C,2,85
86,*CC(*)c1ccccc1COCCCC,2,86
87,*CC(*)c1ccccc1COCCCCC,2,87
88,*CC(*)c1ccccc1COCCC(C)C,2,88
89,*CC(*)c1ccccc1COCc1ccccc1,2,89
90,*CC(*)c1ccccc1COCCc1ccccc1,2,90
91,*CC(*)c1ccccc1C(=O)NC,2,91
92,*CC(*)c1ccccc1C(=O)N(C)C,2,92
93,*CC(*)c1ccccc1C(=O)Nc1ccccc1,2,93
94,*CC(*)c1ccccc1C(=O)O,2,94
95,*CC(*)c1ccccc1C(=O)OC,2,95
96,*CC(*)c1ccccc1C(=O)OCC,2,96
97,*CC(*)c1ccccc1C(=O)OCCC,2,97
98,*CC(*)c1ccccc1C(=O)OC(C)C,2,98
99,*CC(*)c1ccccc1C(=O)OCCCC,2,99
100,*CC(*)c1ccccc1C(=O)OCC(C)C,2,100
101,*CC(*)c1ccccc1C(=O)OCCCCC,2,101
102,*CC(*)c1ccccc1C(=O)OCCC(C)C,2,102
103,*CC(*)c1ccccc1C(=O)OCCCCCC,2,103
104,*CC(*)c1ccccc1C(=O)Oc1ccccc1,2,104
105,*CC(*)c1ccccc1C(=O)OCCN(C)C,2,105
106,*CC(*)c1ccc(C(=O)OCCN(C)C)cc1,2,106
107,*CC(*)c1ccccc1OC,2,107
108,*CC(*)c1ccccc1Cl,2,108
109,*CC(*)c1ccccc1F,2,109
110,*CC(*)c1cccc(C)c1,2,110
111,*CC(*)c1cccc(CC)c1,2,111
112,*CC(*)c1cccc(-c2ccc(-c3ccccc3)cc2)c1,2,112
113,*CC(*)c1cccc(Cl)c1,2,113
114,*CC(*)c1cccc(F)c1,2,114
115,*CC(*)c1ccc(C)cc1,2,115
116,*CC(*)c1ccc(CC)cc1,2,116
117,*CC(*)c1ccc(C(C)C)cc1,2,117
118,*CC(*)c1ccc(CCCC)cc1,2,118
119,*CC(*)c1ccc(C(C)(C)C)cc1,2,119
120,*CC(*)c1ccc(C(C)CC)cc1,2,120
121,*CC(*)c1ccc(CCCCCC)cc1,2,121
122,*CC(*)c1ccc(CCCCCCCC)cc1,2,122
123,*CC(*)c1ccc(CCCCCCCCC)cc1,2,123
124,*CC(*)c1ccc(CCCCCCCCCC)cc1,2,124
125,*CC(*)c1ccc(CCCCCCCCCCCC)cc1,2,125
126,*CC(*)c1ccc(CCCCCCCCCCCCCC)cc1,2,126
127,*CC(*)c1ccc(CCCCCCCCCCCCCCCC)cc1,2,127
128,*CC(*)c1ccc(CCCCCCCCCCCCCCCCCC)cc1,2,128
129,*CC(*)c1ccc(-c2ccccc2)cc1,2,129
130,*CC(*)c1ccc(COCCOCC)cc1,2,130
131,*CC(*)c1ccc(C#N)cc1,2,131
132,*CC(*)c1ccc(Cl)cc1,2,132
133,*CC(*)c1ccc(Br)cc1,2,133
134,*CC(*)c1ccc(C(F)(F)C(F)(F)C(F)(F)C(F)(F)C(F)(F)C(F)(F)C(F)(F)F)cc1,2,134
135,*CC(*)c1ccc(C(C)=NO)cc1,2,135
136,*CC(*)c1ccc(C(C)(C)O)cc1,2,136
137,*CC(*)c1ccc(C(C)(O)CC)cc1,2,137
138,*CC(*)c1ccc(C(C)(O)CCC)cc1,2,138
139,*CC(*)c1ccc(C(C)(O)CCCC)cc1,2,139
140,*CC(*)c1ccc(C(C)(O)CCCCC)cc1,2,140
141,*CC(*)c1ccc(C(O)CCN(C)C)cc1,2,141
142,*CC(*)c1ccc(C(O)CCN2CCCCC2)cc1,2,142
143,*CC(*)c1ccc(C(O)CCN2CCOCC2)cc1,2,143
144,*CC(*)c1ccc(COC)cc1,2,144
145,*CC(*)c1ccc(COCCO)cc1,2,145
146,*CC(*)c1ccc(COCCC)cc1,2,146
147,*CC(*)c1ccc(COCCCC)cc1,2,147
148,*CC(*)c1ccc(COCCCCO)cc1,2,148
149,*CC(*)c1ccc(COC(C)CC)cc1,2,149
150,*CC(*)c1ccc(COCCCCCC)cc1,2,150
151,*CC(*)c1ccc(COCCOCCCC)cc1,2,151
152,*CC(*)c1ccc(C(=O)N(C)C)cc1,2,152
153,*CC(*)c1ccc(C(=O)N(CC)CC)cc1,2,153
154,*CC(*)c1ccc(C(=O)N2CCCCC2)cc1,2,154
155,*CC(*)c1ccc(C(=O)CCN2CCCCC2)cc1,2,155
156,*CC(*)c1ccc(C(=O)N2CCOCC2)cc1,2,156
157,*CC(*)c1ccc(C(=O)OC)cc1,2,157
158,*CC(*)c1ccc(C(=O)OCC)cc1,2,158
159,*CC(*)c1ccc(C(=O)OCCC)cc1,2,159
160,*CC(*)c1ccc(C(=O)OC(C)C)cc1,2,160
161,*CC(*)c1ccc(C(=O)OCCCC)cc1,2,161
162,*CC(*)c1ccc(C(=O)OCC(C)C)cc1,2,162
163,*CC(*)c1ccc(C(=O)OCCCCCC)cc1,2,163
164,*CC(*)c1ccc(C(=O)CC)cc1,2,164
165,*CC(*)c1ccc(C(=O)CCC)cc1,2,165
166,*CC(*)c1ccc(C(=O)CCCC)cc1,2,166
167,*CC(*)c1ccc(C(=O)CCCCC)cc1,2,167
168,*CC(*)c1ccc(C(=O)CCCCCCC)cc1,2,168
169,*CC(*)c1ccc(C(=O)Cc2ccccc2)cc1,2,169
170,*CC(*)c1ccc(C(=O)c2ccccc2)cc1,2,170
171,*CC(*)c1ccc(C(=O)c2ccc(C)cc2)cc1,2,171
172,*CC(*)c1ccc(F)cc1,2,172
173,*CC(*)c1ccc(I)cc1,2,173
174,*CC(*)c1ccc(N(C)C)cc1,2,174
175,*CC(*)c1ccc(OC)cc1,2,175
176,*CC(*)c1ccc(OCC)cc1,2,176
177,*CC(*)c1ccc(OCCC)cc1,2,177
178,*CC(*)c1ccc(OCCCC)cc1,2,178
179,*CC(*)c1ccc(OCCC(C)C)cc1,2,179
180,*CC(*)c1ccc(Oc2ccccc2)cc1,2,180
181,*CC(*)c1ccc(-c2ccc(-c3ccccc3)cc2)cc1,2,181
182,*CC(*)c1ccc(S(=O)(=O)OCCC)cc1,2,182
183,*CC(*)c1c(Cl)cccc1Cl,2,183
184,*CC(*)c1ccc(C)cc1C,2,184
185,*CC(*)c1ccc(C(C)C)cc1C(C)C,2,185
186,*CC(*)c1ccc(F)cc1C,2,186
187,*CC(*)c1ccc(Cl)cc1C,2,187
188,*CC(*)c1ccc(Cl)cc1Cl,2,188
189,*CC(*)c1cc(C)ccc1C,2,189
190,*CC(*)c1cc(C(C)(C)C)ccc1C,2,190
191,*CC(*)c1cc(C(C)C)ccc1C(C)C,2,191
192,*CC(*)c1cc(Cl)ccc1Cl,2,192
193,*CC(*)c1cc(F)ccc1F,2,193
194,*CC(*)c1cc(C)ccc1F,2,194
195,*CC(*)c1cc(Br)ccc1OCCCC,2,195
196,*CC(*)c1cc(Br)ccc1OCC,2,196
197,*CC(*)c1cc(Br)ccc1OC,2,197
198,*CC(*)c1cc(Br)ccc1OCCC,2,198
199,*CC(*)c1cc(Br)ccc1OC(C)C,2,199
200,*CC(*)c1cc(Br)ccc1OCCCCC,2,200
201,*CC(*)c1cc(Br)ccc1OCCC(C)C,2,201
202,*CC(*)c1cc(C)cc(C)c1,2,202
203,*CC(*)c1ccc(C)c(C)c1,2,203
204,*CC(*)c1ccc(Cl)c(C)c1,2,204
205,*CC(*)c1ccc(Cl)c(Cl)c1,2,205
206,*CC(*)c1ccc(Cl)c(F)c1,2,206
207,*CC(*)c1c(C)cc(C)cc1C,2,207
208,*CC(*)c1cc(C)c(C)cc1C,2,208
209,*CC(*)c1c(F)c(F)c(F)c(F)c1F,2,209
210,*CC(*)(C)c1ccccc1,2,210
211,*CC(*)(C)c1ccc(C(C)C)cc1,2,211
212,*C(F)(F)C(*)(F)c1ccccc1,2,212
213,*C(F)(F)C(*)(F)c1c(F)c(F)c(F)c(F)c1F,2,213
214,*CC(*)c1cccc2ccccc12,2,214
215,*CC(*)c1ccc(C(C)=O)cc1,2,215
216,*CC(*)c1ccc(C(=O)CCN2CCOCC2)cc1,2,216
217,*CC(*)(C(=O)OC)c1ccccc1,2,217
218,*CC(*)(C)c1ccc(C)cc1,2,218
219,*C(c1ccccc1)C(*)[N+](=O)[O-],2,219
220,*CC(*)c1ccc(C(=O)C(F)(F)F)cc1,2,220
221,*CC(*)c1ccc(C(=O)c2ccc(OC)cc2)cc1,2,221
222,*CC(*)c1ccc2ccccc2c1,2,222
223,*CC(*)c1ccncc1,2,223
224,*CC(*)c1cccc(C)n1,2,224
225,*CC(*)c1ccc(C)nc1,2,225
226,*CC(*)N1Cc2ccccc2N1,2,226
227,*CC(c1ccccn1)C(c1ccccc1)C(*)c1ccccn1,2,227
228,*CC(*)c1ccc(O)cc1,2,228
229,*CC(*)c1ccc(OC(C)=O)cc1,2,229
230,*CC(*)c1ccc(CCC)cc1,2,230
231,*CC(*)c1ccc(COCCCCCCOc2ccc(-c3ccc(OC)cc3)cc2)cc1,2,231
232,*CC(*)c1ccc(COCC(CC)CCCC)cc1,2,232
233,*CC(*)c1ccc(COCCOCCCCCCCC)cc1,2,233
234,*CC(*)c1ccc(C(F)(F)C(F)(F)C(F)(F)C(F)(F)C(F)(F)C(F)F)cc1,2,234
235,*CC(CC(*)(C#N)C(=O)OC)c1ccccc1,2,235
236,*CC(*)c1ccc(C(=O)O)c(C(=O)O)c1,2,236
237,*C([2H])([2H])C(*)([2H])c1c([2H])c([2H])c([2H])c([2H])c1[2H],2,237
238,*CC(*)O,3,238
239,*CC(*)C=O,3,239
240,*CC(*)OC(=O)CCCCCCCCCCC,3,240
241,*CC(*)C(C)=O,3,241
242,*CC(*)C(=O)C(C)C,3,242
243,*CC(*)(C)C(C)=O,3,243
244,*CC(*)C#N,3,244
245,*CC(*)(C)C#N,3,245
246,*CC(*)c1ccccn1,3,246
247,*CC(*)n1c2ccccc2c2ccccc21,3,247
248,*CC(*)OC,3,248
249,*CC(*)OCC,3,249
250,*CC(*)OC(C)=O,3,250
251,*CC(*)OC(=O)CC,3,251
252,*CC(*)OC(=O)c1ccccc1,3,252
253,*CC(*)CCCCCCCCCO,3,253
254,*CC(*)CCN(C(C)C)C(C)C,3,254
255,*CC(*)CCCN(C(C)C)C(C)C,3,255
256,*CC(*)CCCN(CC(C)C)CC(C)C,3,256
257,*CC(*)O[N+](=O)[O-],3,257
258,*C=CC(C)C(*)C(=O)OC,3,258
259,*C#C/C(COS(=O)(=O)c1ccc(C)cc1)=C(/*)COS(=O)(=O)c1ccc(C)cc1,3,259
260,*CC(*)OC=O,3,260
261,*CC(*)OCc1ccccc1,3,261
262,*CC(*)OC(C)(C)C,3,262
263,*C(C)C(*)OCC(C)C,3,263
264,*CC(*)OC(C)C,3,264
265,*CC(*)(C)OC,3,265
266,*CC(*)OCC(C)(C)C,3,266
267,*CC(*)OC(C)CC,3,267
268,*CC(*)OC(=O)C(F)(F)F,3,268
269,*/C=C/C(C*)OC,3,269
270,*C=CCC(C)(CC*)C(=O)OC,3,270
271,*CC(*)CCc1ccccc1C,3,271
272,*CC(*)CCc1ccc(C)cc1,3,272
273,*CC(*)OCCCCCCCCCCCC,3,273
274,*C(C)C(*)OCCCC,3,274
275,*C(C)C(*)OC(C)(C)C,3,275
276,*C(C)C(*)OCC,3,276
277,*C(C)C(*)OC(C)C,3,277
278,*C(C)C(*)OC,3,278
279,*C(C)C(*)OCCC,3,279
280,*CC(*)Cc1cc(C)ccc1C,3,280
281,*CC(*)Cc1ccc(C)c(C)c1,3,281
282,*CC(*)Cc1cc(C)cc(C)c1,3,282
283,*CC(*)Cc1cccc(C)c1,3,283
284,*CC(*)Cc1ccccc1C,3,284
285,*CC(*)Cc1ccc(C)cc1,3,285
286,*C(C)C(*)O,3,286
287,*CC(*)OC(=O)c1ccc(C(C)(C)C)cc1,3,287
288,*CC(*)C(=O)C(C)(C)C,3,288
289,*CC(*)C(=O)C1CCCCC1,3,289
290,*CC(*)C(=O)c1ccccc1O,3,290
291,*C=CC(C*)OC,3,291
292,*CCC=C(*)c1ccccc1,3,292
293,*C(O)C(*)O,3,293
294,*CC(*)OCC(CC)CCCC,3,294
295,*CC(*)SCCCC,3,295
296,*CC(*)OC1CCCCC1,3,296
297,*CC(*)SCC,3,297
298,*C(F)(F)C(*)(F)OC(F)(F)C(F)(F)C(F)(F)C(F)(F)F,3,298
299,*C(F)(F)C(*)(F)OC(F)(F)C(F)(F)F,3,299
300,*C(F)(F)C(*)(OC(F)(F)F)OC(F)(F)F,3,300
301,*C(OC(F)(F)F)C(*)(F)F,3,301
302,*C(F)C(*)(F)OC(F)(F)F,3,302
303,*C(F)(F)C(*)(F)OC(F)(F)F,3,303
304,*CC(*)OCC(C)(C)CC,3,304
305,*CC(*)SC,3,305
306,*CC(*)OCCC,3,306
307,*CC(*)(F)C(C)=O,3,307
308,*CC(*)C(=O)c1ccccc1,3,308
309,*CC(*)C(=O)c1ccc(Br)c(OC)c1,3,309
310,*CC(*)C(=O)c1ccc(C(C)(C)C)cc1,3,310
311,*CC(*)C(=O)c1ccc(Cl)cc1,3,311
312,*CC(*)C(=O)c1ccc(CC)cc1,3,312
313,*CC(*)C(=O)c1ccc(C(C)C)cc1,3,313
314,*CC(*)C(=O)c1ccc(OC)cc1,3,314
315,*CC(*)C(=O)c1ccc(C)c(C)c1,3,315
316,*CC(*)C(=O)c1ccc(CCC)cc1,3,316
317,*CC(*)C(=O)c1ccc(C)cc1,3,317
318,*CC(*)OC(=O)c1ccccc1OC(C)=O,3,318
319,*CC(*)OC(=O)c1ccc(OC(C)=O)cc1,3,319
320,*CC(*)OC(=O)CCCC(=O)c1ccccc1,3,320
321,*CC(*)OC(=O)c1cccc(Br)c1,3,321
322,*CC(*)OC(=O)c1ccc(Br)cc1,3,322
323,*CC(*)OC(=O)c1ccc(OC(=O)CCC)cc1,3,323
324,*CC(*)OC(=O)c1ccccc1Cl,3,324
325,*CC(*)OC(=O)c1cccc(Cl)c1,3,325
326,*CC(*)OC(=O)c1ccc(Cl)cc1,3,326
327,*CC(*)OC(=O)C1CCCCC1,3,327
328,*CC(*)OC(=O)CC1CCCCC1,3,328
329,*CC(*)OC(=O)CCCC1CCCCC1,3,329
330,*CC(*)OC(=O)c1ccc(OCC)cc1,3,330
331,*CC(*)OC(=O)c1ccc(CC)cc1,3,331
332,*CC(*)OC(=O)C(F)(F)C(F)(F)C(F)(F)F,3,332
333,*CC(*)OC(=O)C1(F)C(F)(F)C(F)(F)C(F)(F)C(F)(F)C1(F)F,3,333
334,*CC(*)NC(=O)OC(C)(C)C,3,334
335,*CC(*)OC(=O)C(F)(F)C(F)(F)C(F)(F)C(F)(F)C(F)(F)C(F)(F)C(F)(F)C(F)(F)C(F)(F)F,3,335
336,*CC(*)OC(=O)C(F)(F)C(F)(F)C(F)(F)C(F)(F)C(F)(F)F,3,336
337,*CC(*)OC(=O)C(F)(F)C(F)(F)C(F)(F)C(F)(F)C(F)(F)C(F)(F)C(F)(F)F,3,337
338,*CC(*)OC(=O)C(F)(F)C(F)(F)F,3,338
339,*CC(*)OC(=O)C(F)(F)C(F)(F)C(F)(F)C(F)(F)F,3,339
340,*CC(*)OC(=O)c1ccncc1,3,340
341,*CC(*)OC(=O)c1ccc(C(C)C)cc1,3,341
342,*CC(*)OC(=O)C(C)(C(C)C)C(C)C,3,342
343,*CC(*)OC(=O)c1ccccc1OC,3,343
344,*CC(*)OC(=O)c1cccc(OC)c1,3,344
345,*CC(*)OC(=O)c1ccc(OC)cc1,3,345
346,*CC(*)OC(=O)c1ccccc1C,3,346
347,*CC(*)OC(=O)c1cccc(C)c1,3,347
348,*CC(*)OC(=O)c1ccc(C)cc1,3,348
349,*CC(*)OC(=O)CC(C)(C)c1ccccc1,3,349
350,*CC(*)OC(=O)C(C)(C)CCC,3,350
351,*CC(*)OC(=O)C(C)(C)C(C)(C)CC,3,351
352,*CC(*)OC(=O)C(C)(C)C(C)C(C)C,3,352
353,*CC(*)OC(=O)C(C)(C)CC(C)(C)C,3,353
354,*CC(*)OC(=O)c1cccnc1,3,354
355,*CC(*)OC(=O)c1cccc([N+](=O)[O-])c1,3,355
356,*CC(*)OC(=O)CCCCCCC,3,356
357,*CC(*)OC(F)(C(F)(F)F)C(F)(F)F,3,357
358,*CC(*)OC(=O)CCl,3,358
359,*CC(*)c1cccs1,3,359
360,*CC(*)OCCCl,3,360
361,*CC(*)OCCOC,3,361
362,*CC(*)OCC(F)(F)F,3,362
363,*CC(*)(CC(=O)OCCCCCCC)C(=O)OCCCCCCC,3,363
364,*CC(*)OC(=O)C1CCCC1,3,364
365,*CC(*)OC(=O)C1(C)CCCCC1,3,365
366,*CC(*)P(=O)(c1ccccc1)c1ccccc1,3,366
367,*CC(*)P(=O)(OCC)N(C)C,3,367
368,*CC(*)P(=O)(Oc1ccccc1)N(C)C,3,368
369,*CC(*)c1nc(C)nc(C)n1,3,369
370,*CC(*)OC(=O)CCCCCCCCC,3,370
371,*CC(*)OC(=O)CCCCC,3,371
372,*C1Cc2ccccc2C1*,3,372
373,*CC(OC)C1C(=O)OC(=O)C1*,3,373
374,*CC(OC)C(C(=O)O)C(*)C(=O)O,3,374
375,*CCCC=C(*)c1ccc(OC)cc1,3,375
376,*CCCC=C(*)c1ccccc1,3,376
377,*CCCC=C(*)c1ccc(Cl)cc1,3,377
378,*CC(*)CNc1ccc([N+](=O)[O-])cc1,3,378
379,*CC(*)CNc1ccc([N+](=O)[O-])cn1,3,379
380,*CC(*)CNc1ccc([N+](=O)[O-])cc1C,3,380
381,*CC(*)CNc1ccc([N+](=O)[O-])c(C(F)(F)F)c1,3,381
382,*CC(*)CNc1ccc([N+](=O)[O-])cc1[N+](=O)[O-],3,382
383,*CC1CC(*)C(OC(=O)CCCCCCCCCCOc2ccc(-c3ccc(C#N)cc3)cc2)C1OC(=O)CCCCCCCCCCOc1ccc(-c2ccc(C#N)cc2)cc1,3,383
384,*CC1CC(*)C(OC(=O)CCCCCCCCCCOc2ccc(-c3ccc(C#N)cc3)cc2)C1,3,384
385,*CCC1CC(OC(=O)CCCCCCCCCCOc2ccc(-c3ccc(C#N)cc3)cc2)CC1*,3,385
386,*CC(*)N1CCNC1,3,386
387,*CC(*)OCCCCCCCCCCCCCCCCCC,3,387
388,*CC(*)OC(=O)c1ccc(C#N)cc1,3,388
389,*CC(*)OCC(C)(C)CC(C)C,3,389
390,*C(F)(F)C(*)(F)OC(F)C(F)F,3,390
391,*CC(*)C(=O)c1ccc(Br)cc1,3,391
392,*CC(*)OC(=O)CC1CCCC1,3,392
393,*CC(*)N1CCCC1=O,3,393
394,*CCC1CC2C(CC(*)C2OC(=O)CCCCCCCCCCOc2ccc(-c3ccc(C#N)cc3)cc2)C1OC(=O)CCCCCCCCCCOc1ccc(-c2ccc(C#N)cc2)cc1,3,394
395,*CC(*)C(=O)O,4,395
396,*CC(*)C(=O)OC,4,396
397,*CC(*)C(=O)OCC,4,397
398,*CC(*)C(=O)OCCC,4,398
399,*CC(*)C(=O)OC(C)C,4,399
400,*CC(*)C(=O)OCCCC,4,400
401,*CC(*)C(=O)OCC(C)C,4,401
402,*CC(*)C(=O)OC(C)(C)C,4,402
403,*CC(*)C(=O)OCCCCCC,4,403
404,*CC(*)C(=O)OCCCCCCC,4,404
405,*CC(*)C(=O)OCCCCCCCC,4,405
406,*CC(*)C(=O)OCCCCCCCCCCCC,4,406
407,*CC(*)C(=O)OCCCCCCCCCCCCCC,4,407
408,*CC(*)C(=O)OCCCCCCCCCCCCCCCC,4,408
409,*CC(*)C(=O)OCCCCCCCCCCCCCCCCCC,4,409
410,*CC(*)C(=O)OCCCCCCCCCCCCCCCCCCCCCC,4,410
411,*CC(*)C(=O)OCC=C,4,411
412,*CC(*)C(=O)OC1CC2CCC1(C)C2(C)C,4,412
413,*CC(*)C(=O)OCC(F)(F)F,4,413
414,*CC(*)C(=O)OCC(F)(F)C(F)(F)F,4,414
415,*CC(*)C(=O)OC(C(F)(F)F)C(F)(F)F,4,415
416,*CC(*)C(=O)OC(F)(C(F)(F)F)C(F)(F)F,4,416
417,*CC(*)C(=O)OC(F)(C(F)(F)F)C(F)(F)Cl,4,417
418,*CC(*)C(=O)OC(F)(C(F)(F)Cl)C(F)(F)Cl,4,418
419,*CC(*)C(=O)OCC(F)(F)C(F)C(F)(F)F,4,419
420,*CC(*)C(=O)OCC(F)(F)C(F)(F)C(F)(F)F,4,420
421,*CC(*)(C)C(=O)OC,4,421
422,*CC(*)(C)C(=O)OCC,4,422
423,*CC(*)(C)C(=O)OCCC,4,423
424,*CC(*)(C)C(=O)OC(C)C,4,424
425,*CC(*)(C)C(=O)OCCCC,4,425
426,*CC(*)(C)C(=O)OC(C)CC,4,426
427,*CC(*)(C)C(=O)OCC(C)C,4,427
428,*CC(*)(C)C(=O)OC(C)(C)C,4,428
429,*CC(*)(C)C(=O)OCCCCCC,4,429
430,*CC(*)(C)C(=O)OCCCCCCCC,4,430
431,*CC(*)(C)C(=O)OCCCCCCCCCCCC,4,431
432,*CC(*)(C)C(=O)OC1CCCCC1,4,432
433,*CC(*)(C)C(=O)Oc1ccccc1,4,433
434,*CC(*)(C)C(=O)OCc1ccccc1,4,434
435,*CC(*)(C)C(=O)OCCBr,4,435
436,*CC(*)(C)C(=O)OCc1ccccc1Cl,4,436
437,*CC(*)(C)C(=O)OCCO,4,437
438,*CC(*)(C)C(=O)OCCN(C)C,4,438
439,*CC(*)C(N)=O,4,439
440,*CC(*)C(=O)NC(C)C,4,440
441,*CC(*)C(=O)OC(CC)CC,4,441
442,*CC(*)C(=O)OC1CCCCC1,4,442
443,*CC(*)C(=O)OCC(C)(C)C,4,443
444,*CC(*)C(=O)OCCC#N,4,444
445,*CC(*)C(=O)N1CCCCC1,4,445
446,*CC(*)C(=O)N1CCOCC1,4,446
447,*CC(*)C(=O)Oc1ccccc1,4,447
448,*CC(*)C(=O)Oc1ccc(OC)cc1,4,448
449,*CC(*)C(=O)Oc1ccccc1C(=O)OC,4,449
450,*CC(*)C(=O)Oc1ccccc1C(=O)OCC,4,450
451,*CC(*)C(=O)Oc1cccc(C(=O)OC)c1,4,451
452,*CC(*)C(=O)Oc1cccc(C(=O)OCC)c1,4,452
453,*CC(*)C(=O)Oc1ccc(C(=O)OC)cc1,4,453
454,*CC(*)C(=O)Oc1ccc(C(=O)OCC)cc1,4,454
455,*CC(*)C(=O)Oc1ccc(C(=O)OCCCC)cc1,4,455
456,*CC(*)C(=O)Oc1ccc(-c2ccccc2)cc1,4,456
457,*CC(*)C(=O)OCc1ccccc1,4,457
458,*CC(*)C(=O)OCCc1ccccc1,4,458
459,*CC(*)C(=O)Oc1cccc(N(C)C)c1,4,459
460,*CC(*)C(=O)Oc1ccc(C#N)cc1,4,460
461,*CC(*)C(=O)OCc1ccc(C#N)cc1,4,461
462,*CC(*)C(=O)Oc1ccc(Cl)cc1Cl,4,462
463,*CC(*)C(=O)Oc1c(Cl)c(Cl)c(Cl)c(Cl)c1Cl,4,463
464,*CC(*)C(=O)N(C)C,4,464
465,*CC(*)(C)C(=O)OCCOC,4,465
466,*CC(*)(C)C(=O)OCC(C)O,4,466
467,*CC(*)(C)C(=O)OCCC#N,4,467
468,*CC(*)(C)C(=O)OCCO[N+](=O)[O-],4,468
469,*CC(*)(C)C(=O)OCCS(=O)CC,4,469
470,*CC(*)(C)C(=O)Oc1ccc(CC#N)cc1,4,470
471,*CC(*)(C)C(=O)Oc1ccc(C(=O)OC)cc1,4,471
472,*CC(*)(CC)C(=O)OCC,4,472
473,*CC(*)(CC(=O)OCC)C(=O)OCC,4,473
474,*CC(*)(CC(=O)OCCCC)C(=O)OCCCC,4,474
475,*CC(*)(CC(=O)OC1CCCCC1)C(=O)OC1CCCCC1,4,475
476,*CC(*)(CC(=O)OCC1CCCCC1)C(=O)OCC1CCCCC1,4,476
477,*CC(*)(CC(=O)OCCC1CCCCC1)C(=O)OCCC1CCCCC1,4,477
478,*CC(*)(CC(=O)OCCCC1CCCCC1)C(=O)OCCCC1CCCCC1,4,478
479,*CC(*)(CC(=O)Oc1ccccc1)C(=O)Oc1ccccc1,4,479
480,*CC(*)(CC(=O)OCc1ccccc1)C(=O)OCc1ccccc1,4,480
481,*CC(*)(CC(=O)OCCc1ccccc1)C(=O)OCCc1ccccc1,4,481
482,*CC(*)(CC(=O)OCCCc1ccccc1)C(=O)OCCCc1ccccc1,4,482
483,*CC(*)(C)C(=O)Oc1ccc(C#N)cc1,4,483
484,*CC(*)(CC(=O)OC)C(=O)OC,4,484
485,*C(*)C(=O)OCC,4,485
486,*C(*)C(=O)OC,4,486
487,*C(*)C(=O)OCCC,4,487
488,*CC(*)(CC(=O)OCCC)C(=O)OCCC,4,488
489,*CC(*)C(=O)OCCO,4,489
490,*CC(*)(CCC(C)C(=O)OC)C(=O)OC,4,490
491,*CC(*)C(=O)OC1CCCCCCCCCCC1,4,491
492,*CC(*)Cl,5,492
493,*CC(*)(F)F,5,493
494,*CC(*)(Cl)Cl,5,494
495,*C(F)C(*)(F)F,5,495
496,*C(F)(F)C(*)(F)F,5,496
497,*C(F)(F)C(*)(F)Cl,5,497
498,*CCC=C(*)Cl,5,498
499,*C(F)(F)C(*)(F)C(F)(F)F,5,499
500,*CC/C=C(/*)C,6,500
501,*CC/C=C(\*)C,6,501
502,*CC/C=C(/*)Cl,6,502
503,*CC/C=C(\*)Cl,6,503
504,*CC(*)C=C,6,504
505,*CCC=C(*)C,6,505
506,*CCO*,7,506
507,*CC(C)O*,7,507
508,*CC(CCl)O*,7,508
509,*CCCCO*,7,509
510,*Oc1c(C)cc(*)cc1C,7,510
511,*Oc1c(OC)cc(*)cc1OC,7,511
512,*Oc1c(-c2ccccc2)cc(*)cc1-c1ccccc1,7,512
513,*C(=O)OCCOC(=O)c1ccc(*)o1,7,513
514,*CCOCCOC(=O)c1cccc(C(=O)O*)c1,7,514
515,*CCOc1ccc(C(=O)OCCOC(=O)c2ccc(O*)cc2)cc1,7,515
516,*CCCCOc1ccc(C(=O)OCCOC(=O)c2ccc(O*)cc2)cc1,7,516
517,*Oc1ccc(NC(=O)c2cccc(C(=O)Nc3ccc(*)cc3)c2)cc1,7,517
518,*Oc1ccc(S(=O)(=O)c2ccc(*)cc2)cc1,7,518
519,*Oc1ccc(S(=O)(=O)c2ccc(Oc3ccc(C(C)(C)c4ccc(*)cc4)cc3)cc2)cc1,7,519
520,*Oc1ccc(S(=O)(=O)c2ccc(Oc3ccc(Cc4ccc(*)cc4)cc3)cc2)cc1,7,520
521,*CC(O)COc1ccc(C(C)(C)c2ccc(O*)cc2)cc1,7,521
522,*CC1CC(*)OC(CCC)O1,7,522
523,*Oc1ccc(Oc2ccc(C(=O)c3ccc(*)cc3)cc2)cc1,7,523
524,*Oc1cccc(S(=O)(=O)c2ccc(*)cc2)c1,7,524
525,*Oc1ccc(S(=O)(=O)c2ccc(Oc3ccc(C(c4ccc(*)cc4)(C(F)(F)F)C(F)(F)F)cc3)cc2)cc1,7,525
526,*Oc1ccc(S(=O)(=O)c2ccc(Oc3c(C)cc(C(C)(C)c4cc(C)c(*)c(C)c4)cc3C)cc2)cc1,7,526
527,*Oc1ccc(S(=O)(=O)c2ccc(Oc3ccc(-c4ccc(*)cc4)cc3)cc2)cc1,7,527
528,*Oc1ccc(Oc2ccc(Oc3ccc(S(=O)(=O)c4ccc(*)cc4)cc3)cc2)cc1,7,528
529,*c1ccc(-c2nc3cc4nc(*)oc4cc3o2)cc1,7,529
530,*CCOCC(=O)O*,7,530
531,*CCOCCOC(=O)c1ccc(-c2ccc(C(=O)O*)cc2)cc1,7,531
532,*Oc1ccc(S(=O)(=O)c2ccc(Oc3ccc(C(=O)c4cccc(C(=O)c5ccc(*)cc5)c4)cc3)cc2)cc1,7,532
533,*CCCCCCOC(=O)Nc1ccc(C)c(NC(=O)OCCCCCCOc2ccc(-c3ccc(O*)cc3)cc2)c1,7,533
534,*CS*,8,534
535,*CCS*,8,535
536,*CCCSS*,8,536
537,*Sc1ccc(*)cc1,8,537
538,*Oc1ccc(Sc2ccc(OC(*)=O)cc2)cc1,8,538
539,*CCOC(=O)CCC(=O)O*,9,539
540,*CCCCOC(=O)CCC(=O)O*,9,540
541,*CCOC(=O)CCCCCCCCC(=O)O*,9,541
542,*CCCCCCOC(=O)CCCCCCCCC(=O)O*,9,542
543,*CCOC(=O)c1ccc(C(=O)O*)cc1,9,543
544,*CCOC(=O)c1cccc(C(=O)O*)c1,9,544
545,*CCCCOC(=O)c1ccc(C(=O)O*)cc1,9,545
546,*CCCCCCOC(=O)c1ccc(C(=O)O*)cc1,9,546
547,*Oc1ccc(C(C)(C)c2ccc(OC(=O)c3ccc(C(*)=O)cc3)cc2)cc1,9,547
548,*Oc1ccc(C(C)(C)c2ccc(OC(=O)c3cccc(C(*)=O)c3)cc2)cc1,9,548
549,*CCOC(=O)c1ccc2ccc(C(=O)O*)cc2c1,9,549
550,*CCOC(=O)c1ccc2cc(C(=O)O*)ccc2c1,9,550
551,*CCCCOC(=O)CCCCC(=O)O*,9,551
552,*Oc1ccc(C2(c3ccc(OC(=O)c4cccc(C(*)=O)c4)cc3)c3ccccc3-c3ccccc32)cc1,9,552
553,*CCOC(=O)c1cccc2c(C(=O)O*)cccc12,9,553
554,*CCOC(=O)c1ccc(C(=O)O*)c2ccccc12,9,554
555,*CCCCCC(=O)O*,9,555
556,*CCCOC(=O)c1ccc(C(=O)O*)cc1,9,556
557,*Oc1ccc(-c2ccc(OC(=O)CCCCCC(*)=O)cc2)cc1,9,557
558,*Oc1ccc(-c2ccc(OC(=O)CCCCCCC(*)=O)cc2)cc1,9,558
559,*Oc1ccc(-c2ccc(OC(=O)CCCCCCCC(*)=O)cc2)cc1,9,559
560,*Oc1ccc(-c2ccc(OC(=O)CCCCCCCCC(*)=O)cc2)cc1,9,560
561,*Oc1ccc(-c2ccc(OC(=O)CCCCCCCCCC(*)=O)cc2)cc1,9,561
562,*Oc1ccc(OC(=O)c2ccc(-c3ccc(C(*)=O)cc3)cc2)cc1C,9,562
563,*Oc1ccc(S(=O)(=O)c2ccc(OC(=O)c3ccc(C(*)=O)cc3)cc2)cc1,9,563
564,*Oc1ccc(-c2ccc(OC(=O)CCCCCCCCCCC(*)=O)cc2)cc1,9,564
565,*Oc1ccc(-c2ccc(OC(=O)CCCCCCCCCCCC(*)=O)cc2)cc1,9,565
566,*Oc1ccc(-c2ccc(OC(=O)CCCCCCCCCCCCC(*)=O)cc2)cc1,9,566
567,*CC1CCC(COC(=O)CCC(=O)O*)CC1,9,567
568,*OC(C)CC(*)=O,9,568
569,*OC(C)C(*)=O,9,569
570,*CC(C)(CCC)C(=O)O*,9,570
571,*Cc1ccc(-c2ccc(C(=O)O*)cc2)cc1,9,571
572,*CC1CCC(COC(=O)CCCCCCCCC(=O)O*)CC1,9,572
573,*CCCCCCCCCCOC(=O)c1ccc(C(=O)NCCNC(=O)c2ccc(C(=O)O*)cc2)cc1,9,573
574,*CCOC(=O)C1CCC(C(=O)O*)CC1,9,574
575,*CCOC(=O)c1ccc(-c2ccc(C(=O)O*)cc2)cc1,9,575
576,*CCCCCCOC(=O)CCCCCNC(=O)CCCCC(=O)NCCCCCC(=O)O*,9,576
577,*CCCCCCOC(=O)CCCCCCCC(=O)O*,9,577
578,*CCCCCCOC(=O)c1ccc(-c2ccc(C(=O)O*)cc2)cc1,9,578
579,*CC(C)(C)COC(=O)CCC(=O)O*,9,579
580,*Oc1ccc(C(C)(C)c2ccc(OC(=O)CCCCC(*)=O)cc2)cc1,9,580
581,*CCCCCCOC(=O)c1ccc2cc(C(=O)O*)ccc2c1,9,581
582,*CCCCCOC(=O)c1ccc2cc(C(=O)O*)ccc2c1,9,582
583,*CCCCOC(=O)c1ccc2cc(C(=O)O*)ccc2c1,9,583
584,*CCCOC(=O)c1ccc2cc(C(=O)O*)ccc2c1,9,584
585,*CCCCNC(=O)CCCCC(=O)N*,10,585
586,*CCCCCC(=O)N*,10,586
587,*CCCCCCNC(=O)CCCCC(=O)N*,10,587
588,*CCCCCCNC(=O)CCCCCCCCC(=O)N*,10,588
589,*CCCCCCC(=O)N*,10,589
590,*CCCCCCCC(=O)N*,10,590
591,*CCCCCCCCNC(=O)CCCCCCCCC(=O)N*,10,591
592,*CCCCCCCCC(=O)N*,10,592
593,*CCCCCCCCCC(=O)N*,10,593
594,*CCCCCCCCCCC(=O)N*,10,594
595,*CCCCCCCCCCCC(=O)N*,10,595
596,*CCCCCCCCCCCCC(=O)N*,10,596
597,*CCCCCCNC(=O)Cc1ccc(C(=O)N*)cc1,10,597
598,*NC(=O)c1cccc(C(=O)Nc2ccc(-c3ccc(*)cc3)cc2)c1,10,598
599,*CCCCCCNC(=O)c1cccc(C(=O)N*)c1,10,599
600,*CCCNC(=O)Cc1ccc(C(=O)N*)cc1,10,600
601,*NC1CC(C)(C)CC(C)(CNC(=O)CCCCC(*)=O)C1,10,601
602,*Cc1cccc(CNC(=O)CCCCC(=O)N*)c1,10,602
603,*NC(=O)c1ccc(C(=O)Nc2ccc(*)cc2)cc1,10,603
604,*NC(=O)c1ccc(C(=O)Nc2ccc(-c3ccc(*)cc3)cc2)cc1,10,604
605,*CCCCCCNC(=O)c1ccc(C(=O)N*)cc1,10,605
606,*CCCCCCCCCNC(=O)c1ccc(C(=O)N*)cc1,10,606
607,*c1ccc(NC(=O)CCCCC(=O)Nc2ccc(S(*)(=O)=O)cc2)cc1,10,607
608,*CC(=O)N*,10,608
609,*NC(CCC(=O)OC)C(*)=O,10,609
610,*C(=O)CCCCCCCCC(=O)N1CCN(*)CC1,10,610
611,*CCCC(=O)N*,10,611
612,*CCCCNC(=O)CCCCCCC(=O)N*,10,612
613,*CCCCNC(=O)CCCCCCCCC(=O)N*,10,613
614,*CCCCCCCCCCCNC(=O)CCCCC(=O)N*,10,614
615,*CCCCCCCCCCCCNC(=O)CCCCCCCCCCC(=O)N*,10,615
616,*CCCCCCNC(=O)c1ccc(-c2ccc(C(=O)N*)cc2)cc1,10,616
617,*CCCCCCNC(=O)c1ccc(C(C)(C)c2ccc(C(=O)N*)cc2)cc1,10,617
618,*CCCCCCCCCCC(=O)N(*)C,10,618
619,*CCCCCCNC(=O)CCCCC(=O)N(*)C,10,619
620,*CCCCCCN(C)C(=O)CCCCC(=O)N(*)C,10,620
621,*C(=O)C1CCCN1*,10,621
622,*NC(CCC(=O)OCc1ccccc1)C(*)=O,10,622
623,*NC(C)C(*)=O,10,623
624,*NC1CCC(CC2CCC(NC(=O)CCCCCCCCCCCCC(*)=O)CC2)CC1,10,624
625,*NC(CCC(=O)OCCCCC)C(*)=O,10,625
626,*NC(CCC(=O)OCCCCCC)C(*)=O,10,626
627,*NC(CCC(=O)OCC)C(*)=O,10,627
628,*NC(CCC(=O)OCCC)C(*)=O,10,628
629,*CCCCN(C)C(=O)c1ccc(C(=O)N(*)C)cc1,10,629
630,*CCCCCCNC(=O)c1ccc(C2(C)CC(C)(C)c3ccc(C(=O)N*)cc32)cc1,10,630
631,*CCCCCNC(=O)O*,11,631
632,*CCCCOC(=O)NCCCCCCNC(=O)O*,11,632
633,*CCCCOC(=O)NCC(F)(F)C(F)(F)C(F)(F)C(F)(F)CNC(=O)O*,11,633
634,*CCCCCCOC(=O)Nc1ccc(Cc2ccc(NC(=O)O*)cc2)cc1,11,634
635,*Cc1cccc(COC(=O)Nc2ccc(Cc3ccc(NC(=O)O*)cc3)cc2)c1,11,635
636,*CCOC(=O)Nc1ccc(NC(=O)O*)cc1,11,636
637,*CCOC(=O)Nc1cccc(NC(=O)O*)c1,11,637
638,*CCCCCCOC(=O)Nc1ccc(NC(=O)O*)cc1,11,638
639,*CCOC(=O)Nc1ccc(-c2ccc(NC(=O)O*)cc2)cc1,11,639
640,*CCOC(=O)Nc1cccc2c(NC(=O)O*)cccc12,11,640
641,*CCCCCCNC(=O)N*,12,641
642,*CCCCCCNC(=O)NCc1ccc(CNC(=O)N*)cc1,12,642
643,*NC(=O)NCCCCCCNC(=O)Nc1ccc(Cc2ccc(*)cc2)cc1,12,643
644,*NC(=O)Nc1ccc(Cc2ccc(*)cc2)cc1,12,644
645,*NC(=O)NCCCCCCNC(=O)NCCCCC(*)C(=O)OC,12,645
646,*c1ccc(Oc2ccc(-n3c(=O)c4cc5c(=O)n(*)c(=O)c5cc4c3=O)cc2)cc1,13,646
647,*c1ccc(Oc2ccc(Oc3ccc(-n4c(=O)c5cc6c(=O)n(*)c(=O)c6cc5c4=O)cc3)cc2)cc1,13,647
648,*C(=O)Oc1ccc(OC(=O)c2ccc3c(c2)C(=O)N(c2ccc(Oc4ccc(N5C(=O)c6ccc(*)cc6C5=O)cc4)cc2)C3=O)cc1,13,648
649,*c1ccc(Sc2ccc(-n3c(=O)c4cc5c(=O)n(*)c(=O)c5cc4c3=O)cc2)cc1,13,649
650,*CCCCCCCCCn1c(=O)c2cc3c(=O)n(*)c(=O)c3cc2c1=O,13,650
651,*c1ccc2c(c1)Cc1cc(-n3c(=O)c4cc5c(=O)n(*)c(=O)c5cc4c3=O)ccc1-2,13,651
652,*c1ccc(Oc2ccc(N3C(=O)c4ccc(Oc5ccc6c(c5)C(=O)N(*)C6=O)cc4C3=O)cc2)cc1,13,652
653,*C(=O)Nc1ccc(NC(=O)c2ccc3c(c2)C(=O)N(c2ccc(S(=O)(=O)c4ccc(N5C(=O)c6ccc(*)cc6C5=O)cc4)cc2)C3=O)cc1,13,653
654,*c1ccc2c(c1)C(=O)N(c1ccc(Cc3ccc(N4C(=O)c5ccc(C(F)(F)C(F)(F)C(*)(F)F)cc5C4=O)cc3)cc1)C2=O,13,654
655,*c1ccc2c(c1)C(=O)N(c1ccc(Oc3ccc(N4C(=O)c5ccc(C(F)(F)C(F)(F)C(*)(F)F)cc5C4=O)cc3)cc1)C2=O,13,655
656,*C(=O)Nc1ccc(Oc2ccc(NC(=O)c3ccc4c(c3)C(=O)N(c3ccc(S(=O)(=O)c5ccc(N6C(=O)c7ccc(*)cc7C6=O)cc5)cc3)C4=O)cc2)cc1,13,656
657,*c1ccc(-c2ccc(-c3ccc(-n4c(=O)c5cc6c(=O)n(*)c(=O)c6cc5c4=O)cc3)cc2)cc1,13,657
658,*c1ccc(Cc2ccc(-n3c(=O)c4cc5c(=O)n(*)c(=O)c5cc4c3=O)c(C)c2)cc1C,13,658
659,*c1ccc(-n2c(=O)c3cc4c(=O)n(*)c(=O)c4cc3c2=O)cc1,13,659
660,*c1ccc(-c2ccc(-n3c(=O)c4cc5c(=O)n(*)c(=O)c5cc4c3=O)cc2)cc1,13,660
661,*c1ccc(-c2ccc(-n3c(=O)c4cc5c(=O)n(*)c(=O)c5cc4c3=O)c(C)c2)cc1C,13,661
662,*c1ccc(-c2ccc(-n3c(=O)c4cc5c(=O)n(*)c(=O)c5cc4c3=O)c(OC)c2)cc1OC,13,662
663,*c1cccc(-n2c(=O)c3cc4c(=O)n(*)c(=O)c4cc3c2=O)c1,13,663
664,*c1ccc(-n2c(=O)c3cc4c(=O)n(*)c(=O)c4cc3c2=O)c(C)c1,13,664
665,*c1cccc(-n2c(=O)c3cc4c(=O)n(*)c(=O)c4cc3c2=O)c1C,13,665
666,*c1c(C)c(C)c(-n2c(=O)c3cc4c(=O)n(*)c(=O)c4cc3c2=O)c(C)c1C,13,666
667,*c1ccc(Oc2cccc(Oc3ccc(-n4c(=O)c5cc6c(=O)n(*)c(=O)c6cc5c4=O)cc3)c2)cc1,13,667
668,*c1ccc(Oc2ccc(-c3ccc(Oc4ccc(-n5c(=O)c6cc7c(=O)n(*)c(=O)c7cc6c5=O)cc4)cc3)cc2)cc1,13,668
669,*c1cccc(Oc2ccc(S(=O)(=O)c3ccc(Oc4cccc(-n5c(=O)c6cc7c(=O)n(*)c(=O)c7cc6c5=O)c4)cc3)cc2)c1,13,669
670,*c1ccc(Oc2ccc(C(c3ccc(Oc4ccc(-n5c(=O)c6cc7c(=O)n(*)c(=O)c7cc6c5=O)cc4)cc3)(C(F)(F)F)C(F)(F)F)cc2)cc1,13,670
671,*c1ccc(Oc2ccc(C(C)(C)c3ccc(Oc4ccc(-n5c(=O)c6cc7c(=O)n(*)c(=O)c7cc6c5=O)cc4)cc3)cc2)cc1,13,671
672,*c1ccc(Oc2ccc(N3C(=O)c4ccc(-c5ccc6c(c5)C(=O)N(*)C6=O)cc4C3=O)cc2)cc1,13,672
673,*c1ccc(Oc2ccc(N3C(=O)c4ccc(-c5cccc6c5C(=O)N(*)C6=O)cc4C3=O)cc2)cc1,13,673
674,*c1ccc(Sc2ccc(N3C(=O)c4ccc(-c5ccc6c(c5)C(=O)N(*)C6=O)cc4C3=O)cc2)cc1,13,674
675,*c1ccc(Cc2ccc(N3C(=O)c4ccc(-c5ccc6c(c5)C(=O)N(*)C6=O)cc4C3=O)cc2)cc1,13,675
676,*c1ccc2c(c1)Cc1cc(N3C(=O)c4ccc(-c5ccc6c(c5)C(=O)N(*)C6=O)cc4C3=O)ccc1-2,13,676
677,*c1ccc(-c2ccc(N3C(=O)c4ccc(-c5ccc6c(c5)C(=O)N(*)C6=O)cc4C3=O)cc2)cc1,13,677
678,*c1ccc(N2C(=O)c3ccc(-c4ccc5c(c4)C(=O)N(*)C5=O)cc3C2=O)cc1,13,678
679,*c1cccc(N2C(=O)c3ccc(-c4ccc5c(c4)C(=O)N(*)C5=O)cc3C2=O)c1,13,679
680,*c1ccc(C)c(N2C(=O)c3ccc(-c4ccc5c(c4)C(=O)N(*)C5=O)cc3C2=O)c1,13,680
681,*c1ccc(N2C(=O)c3ccc(-c4ccc5c(c4)C(=O)N(*)C5=O)cc3C2=O)c(C)c1,13,681
682,*c1cccc(N2C(=O)c3ccc(-c4ccc5c(c4)C(=O)N(*)C5=O)cc3C2=O)c1C,13,682
683,*c1ccc(-c2ccc(N3C(=O)c4ccc(-c5ccc6c(c5)C(=O)N(*)C6=O)cc4C3=O)c(C)c2)cc1C,13,683
684,*c1ccc(-c2ccc(N3C(=O)c4ccc(-c5ccc6c(c5)C(=O)N(*)C6=O)cc4C3=O)c(OC)c2)cc1OC,13,684
685,*c1ccc(-c2ccc(-c3ccc(N4C(=O)c5ccc(-c6ccc7c(c6)C(=O)N(*)C7=O)cc5C4=O)cc3)cc2)cc1,13,685
686,*c1cccc2c(N3C(=O)c4ccc(-c5ccc6c(c5)C(=O)N(*)C6=O)cc4C3=O)cccc12,13,686
687,*c1ccc(Cc2ccc(N3C(=O)c4ccc(-c5ccc6c(c5)C(=O)N(*)C6=O)cc4C3=O)c(C)c2)cc1C,13,687
688,*c1ccc(N2C(=O)c3ccc(-c4ccc5c(c4)C(=O)N(*)C5=O)cc3C2=O)nc1,13,688
689,*c1ccc(Oc2ccc(-c3ccc(Oc4ccc(N5C(=O)c6ccc(-c7ccc8c(c7)C(=O)N(*)C8=O)cc6C5=O)cc4)cc3)cc2)cc1,13,689
690,*c1ccc(Oc2ccc(C(C)(C)c3ccc(Oc4ccc(N5C(=O)c6ccc(-c7ccc8c(c7)C(=O)N(*)C8=O)cc6C5=O)cc4)cc3)cc2)cc1,13,690
691,*c1ccc(Oc2ccc(C(c3ccc(Oc4ccc(N5C(=O)c6ccc(-c7ccc8c(c7)C(=O)N(*)C8=O)cc6C5=O)cc4)cc3)(C(F)(F)F)C(F)(F)F)cc2)cc1,13,691
692,*c1cccc(Oc2ccc(S(=O)(=O)c3ccc(Oc4cccc(N5C(=O)c6ccc(-c7ccc8c(c7)C(=O)N(*)C8=O)cc6C5=O)c4)cc3)cc2)c1,13,692
693,*CCCCCCN1C(=O)c2ccc(Oc3ccc4c(c3)C(=O)N(*)C4=O)cc2C1=O,13,693
694,*c1ccc(N2C(=O)c3ccc(Oc4ccc5c(c4)C(=O)N(*)C5=O)cc3C2=O)cc1,13,694
695,*c1ccc(-c2ccc(N3C(=O)c4ccc(Oc5ccc6c(c5)C(=O)N(*)C6=O)cc4C3=O)cc2)cc1,13,695
696,*c1cccc(Oc2ccc(N3C(=O)c4ccc(Oc5ccc6c(c5)C(=O)N(*)C6=O)cc4C3=O)cc2)c1,13,696
697,*c1ccc(Oc2cccc(Oc3ccc(N4C(=O)c5ccc(Oc6ccc7c(c6)C(=O)N(*)C7=O)cc5C4=O)cc3)c2)cc1,13,697
698,*c1ccc(Oc2ccc(Oc3ccc(N4C(=O)c5ccc(Oc6ccc7c(c6)C(=O)N(*)C7=O)cc5C4=O)cc3)cc2)cc1,13,698
699,*c1cccc(Oc2ccc(N3C(=O)c4ccc(C(c5ccc6c(c5)C(=O)N(*)C6=O)(C(F)(F)F)C(F)(F)F)cc4C3=O)cc2)c1,13,699
700,*c1ccc(Oc2ccc(N3C(=O)c4ccc(C(c5ccc6c(c5)C(=O)N(*)C6=O)(C(F)(F)F)C(F)(F)F)cc4C3=O)cc2)cc1,13,700
701,*c1ccc(Oc2ccc(Oc3ccc(N4C(=O)c5ccc(C(c6ccc7c(c6)C(=O)N(*)C7=O)(C(F)(F)F)C(F)(F)F)cc5C4=O)cc3)cc2)cc1,13,701
702,*c1ccc2c(c1)C(=O)N(c1ccc(Oc3cccc(Oc4ccc(N5C(=O)c6ccc(C(*)(C(F)(F)F)C(F)(F)F)cc6C5=O)cc4)c3)cc1)C2=O,13,702
703,*c1ccc2c(c1)C(=O)N(c1cccc(Oc3cccc(Oc4cccc(N5C(=O)c6ccc(C(*)(C(F)(F)F)C(F)(F)F)cc6C5=O)c4)c3)c1)C2=O,13,703
704,*C(=O)c1ccc2c(c1)C(=O)N(c1cccc(C(=O)c3cccc(N4C(=O)c5ccc(*)cc5C4=O)c3)c1)C2=O,13,704
705,*C(=O)c1ccc2c(c1)C(=O)N(c1cccc(C(=O)Nc3cccc(N4C(=O)c5ccc(*)cc5C4=O)c3)c1)C2=O,13,705
706,*C(=O)c1ccc2c(c1)C(=O)N(c1cccc(C(=O)Nc3ccc(N4C(=O)c5ccc(*)cc5C4=O)cc3)c1)C2=O,13,706
707,*C(=O)c1ccc2c(c1)C(=O)N(c1ccc(C(=O)Nc3cccc(N4C(=O)c5ccc(*)cc5C4=O)c3)cc1)C2=O,13,707
708,*C(=O)c1ccc2c(c1)C(=O)N(c1cccc(C(=O)N(C)c3ccc(N4C(=O)c5ccc(*)cc5C4=O)cc3)c1)C2=O,13,708
709,*C(=O)c1ccc2c(c1)C(=O)N(c1ccc(Oc3ccc(C(=O)c4cccc(C(=O)c5ccc(Oc6ccc(N7C(=O)c8ccc(*)cc8C7=O)cc6)cc5)c4)cc3)cc1)C2=O,13,709
710,*c1cccc(N2C(=O)c3ccc(C(=O)c4ccc5c(c4)C(=O)N(*)C5=O)cc3C2=O)c1,13,710
711,*C(=O)c1ccc2c(c1)C(=O)N(c1ccc(C)c(N3C(=O)c4ccc(*)cc4C3=O)c1)C2=O,13,711
712,*C(=O)c1ccc2c(c1)C(=O)N(c1ccc(N3C(=O)c4ccc(*)cc4C3=O)c(C)c1)C2=O,13,712
713,*C(=O)c1ccc2c(c1)C(=O)N(c1cccc(N3C(=O)c4ccc(*)cc4C3=O)c1C)C2=O,13,713
714,*C(=O)c1ccc2c(c1)C(=O)N(c1c(C)c(C)c(N3C(=O)c4ccc(*)cc4C3=O)c(C)c1C)C2=O,13,714
715,*C(=O)c1ccc2c(c1)C(=O)N(c1ccc(-c3ccc(N4C(=O)c5ccc(*)cc5C4=O)c(C)c3)cc1C)C2=O,13,715
716,*C(=O)c1ccc2c(c1)C(=O)N(c1ccc(-c3ccc(N4C(=O)c5ccc(*)cc5C4=O)c(OC)c3)cc1OC)C2=O,13,716
717,*C(=O)c1ccc2c(c1)C(=O)N(c1ccc(-c3ccc(-c4ccc(N5C(=O)c6ccc(*)cc6C5=O)cc4)cc3)cc1)C2=O,13,717
718,*C(=O)c1ccc2c(c1)C(=O)N(c1ccc3c(c1)Cc1cc(N4C(=O)c5ccc(*)cc5C4=O)ccc1-3)C2=O,13,718
719,*c1ccc(Oc2ccc(N3C(=O)c4ccc(C(=O)c5ccc6c(c5)C(=O)N(*)C6=O)cc4C3=O)cc2)cc1,13,719
720,*C(=O)c1ccc2c(c1)C(=O)N(c1ccc(Sc3ccc(N4C(=O)c5ccc(*)cc5C4=O)cc3)cc1)C2=O,13,720
721,*C(=O)c1ccc2c(c1)C(=O)N(c1ccc(Cc3ccc(N4C(=O)c5ccc(*)cc5C4=O)cc3)cc1)C2=O,13,721
722,*C(=O)c1ccc2c(c1)C(=O)N(c1ccc(Cc3ccc(N4C(=O)c5ccc(*)cc5C4=O)c(C)c3)cc1C)C2=O,13,722
723,*C(=O)c1ccc2c(c1)C(=O)N(c1ccc(N3C(=O)c4ccc(*)cc4C3=O)nc1)C2=O,13,723
724,*C(=O)c1ccc2c(c1)C(=O)N(c1ccc(-c3ccc(N4C(=O)c5ccc(*)cc5C4=O)cc3)cc1)C2=O,13,724
725,*c1ccc(N2C(=O)c3ccc(C(=O)c4ccc5c(c4)C(=O)N(*)C5=O)cc3C2=O)cc1,13,725
726,*C(=O)c1ccc2c(c1)C(=O)N(c1cccc(OCCOCCOc3cccc(N4C(=O)c5ccc(*)cc5C4=O)c3)c1)C2=O,13,726
727,*C(=O)c1ccc2c(c1)C(=O)N(c1ccc(Oc3ccc(-c4ccc(Oc5ccc(N6C(=O)c7ccc(*)cc7C6=O)cc5)cc4)cc3)cc1)C2=O,13,727
728,*c1ccc(Oc2ccc(C(C)(C)c3ccc(Oc4ccc(N5C(=O)c6ccc(C(=O)c7ccc8c(c7)C(=O)N(*)C8=O)cc6C5=O)cc4)cc3)cc2)cc1,13,728
729,*C(=O)c1ccc2c(c1)C(=O)N(c1ccc(Oc3ccc(C(c4ccc(Oc5ccc(N6C(=O)c7ccc(*)cc7C6=O)cc5)cc4)(C(F)(F)F)C(F)(F)F)cc3)cc1)C2=O,13,729
730,*c1cccc(S(=O)(=O)c2cccc(N3C(=O)c4ccc(Oc5ccc(S(=O)(=O)c6ccc(Oc7ccc8c(c7)C(=O)N(*)C8=O)cc6)cc5)cc4C3=O)c2)c1,13,730
731,*c1cccc(N2C(=O)c3ccc(Oc4ccc(C(C)(C)c5ccc(Oc6ccc7c(c6)C(=O)N(*)C7=O)cc5)cc4)cc3C2=O)c1,13,731
732,*c1cccc(N2C(=O)c3ccc(Oc4ccc(S(=O)(=O)c5ccc(Oc6ccc7c(c6)C(=O)N(*)C7=O)cc5)cc4)cc3C2=O)c1,13,732
733,*c1ccc(Oc2ccc(N3C(=O)c4ccc(Oc5ccc(S(=O)(=O)c6ccc(Oc7ccc8c(c7)C(=O)N(*)C8=O)cc6)cc5)cc4C3=O)cc2)cc1,13,733
734,*c1ccc2c(c1)C(=O)N(c1ccc(Cc3ccc(N4C(=O)c5ccc(C(*)(C(F)(F)F)C(F)(F)F)cc5C4=O)cc3)cc1)C2=O,13,734
735,*c1ccc2c(c1)C(=O)N(c1ccc(C(C)(C)c3ccc(N4C(=O)c5ccc(C(*)(C(F)(F)F)C(F)(F)F)cc5C4=O)cc3)cc1)C2=O,13,735
736,*C(=O)NCCNC(=O)c1ccc(N2C(=O)c3ccc(*)cc3C2=O)cc1,13,736
737,*C(=O)NCCCCCCNC(=O)c1ccc(N2C(=O)c3ccc(*)cc3C2=O)cc1,13,737
738,*C(=O)Nc1ccc(Cc2ccc(NC(=O)c3ccc(N4C(=O)c5ccc(*)cc5C4=O)cc3)cc2)cc1,13,738
739,*C(=O)NC1CCC(CC2CCC(NC(=O)c3ccc(N4C(=O)c5ccc(*)cc5C4=O)cc3)CC2)CC1,13,739
740,*c1cccc(N2C(=O)c3ccc(Oc4ccc5c(c4)C(=O)N(*)C5=O)cc3C2=O)c1,13,740
741,*c1ccc(Cc2ccc(N3C(=O)c4ccc(Oc5ccc6c(c5)C(=O)N(*)C6=O)cc4C3=O)cc2)cc1,13,741
742,*c1ccc(Oc2ccc(N3C(=O)c4ccc(Oc5ccc(C(c6ccc(Oc7ccc8c(c7)C(=O)N(*)C8=O)cc6)(C(F)(F)F)C(F)(F)F)cc5)cc4C3=O)cc2)cc1,13,742
743,*c1cccc(Oc2ccc(N3C(=O)c4ccc(-c5ccc6c(c5)C(=O)N(*)C6=O)cc4C3=O)cc2)c1,13,743
744,*C(=O)Nc1ccccc1NC(=O)c1ccc(N2C(=O)c3ccc(*)cc3C2=O)cc1,13,744
745,*C(=O)Nc1cccc(NC(=O)/C=C/c2cccc(N3C(=O)c4ccc(*)cc4C3=O)c2)c1,13,745
746,*C(=O)Nc1cccc(/C=C/C(=O)/C=C/c2cccc(NC(=O)c3ccc(N4C(=O)c5ccc(*)cc5C4=O)cc3)c2)c1,13,746
747,*c1ccc2c(c1)C(=O)N(c1ccc(Oc3ccc(N4C(=O)c5ccc(C(C)(C)CCCCC(*)(C)C)cc5C4=O)cc3)cc1)C2=O,13,747
748,*c1ccc(Oc2cccc3c(Oc4ccc(-n5c(=O)c6cc7c(=O)n(*)c(=O)c7cc6c5=O)cc4)cccc23)cc1,13,748
749,*c1ccc(Oc2cccc3c(Oc4ccc(N5C(=O)c6ccc(Oc7ccc8c(c7)C(=O)N(*)C8=O)cc6C5=O)cc4)cccc23)cc1,13,749
750,*C(=O)c1ccc2c(c1)C(=O)N(c1ccc(Oc3cccc4c(Oc5ccc(N6C(=O)c7ccc(*)cc7C6=O)cc5)cccc34)cc1)C2=O,13,750
751,*c1ccc2c(c1)C(=O)N(c1ccc(Oc3ccc(C(c4ccc(Oc5ccc(N6C(=O)c7ccc(C(*)(C(F)(F)F)C(F)(F)F)cc7C6=O)cc5)cc4)(C(F)(F)F)C(F)(F)F)cc3)cc1)C2=O,13,751
752,*c1ccc(N2C(=O)c3ccc(C(c4ccc5c(c4)C(=O)N(*)C5=O)(C(F)(F)F)C(F)(F)F)cc3C2=O)cc1,13,752
753,*c1ccc2c(c1)C(=O)N(c1ccc(C(c3ccc(N4C(=O)c5ccc(C(*)(C(F)(F)F)C(F)(F)F)cc5C4=O)cc3)(C(F)(F)F)C(F)(F)F)cc1)C2=O,13,753
754,*c1ccc2c(c1)C(=O)N(c1c(C)cc(C)c(N3C(=O)c4ccc(C(*)(C(F)(F)F)C(F)(F)F)cc4C3=O)c1C)C2=O,13,754
755,*c1ccc2c(c1)C(=O)N(c1c(C)c(C)c(N3C(=O)c4ccc(C(*)(C(F)(F)F)C(F)(F)F)cc4C3=O)c(C)c1C)C2=O,13,755
756,*c1ccc(Oc2cc3ccccc3cc2Oc2ccc(N3C(=O)c4ccc(-c5ccc6c(c5)C(=O)N(*)C6=O)cc4C3=O)cc2)cc1,13,756
757,*c1ccc(Oc2cc3ccccc3cc2Oc2ccc(N3C(=O)c4ccc(Oc5ccc6c(c5)C(=O)N(*)C6=O)cc4C3=O)cc2)cc1,13,757
758,*C(=O)c1ccc2c(c1)C(=O)N(c1ccc(Oc3cc4ccccc4cc3Oc3ccc(N4C(=O)c5ccc(*)cc5C4=O)cc3)cc1)C2=O,13,758
759,*c1ccc(Oc2cc3ccccc3cc2Oc2ccc(N3C(=O)c4ccc(S(=O)(=O)c5ccc6c(c5)C(=O)N(*)C6=O)cc4C3=O)cc2)cc1,13,759
760,*c1ccc(C(c2ccccc2)(c2ccc(-n3c(=O)c4cc5c(=O)n(*)c(=O)c5cc4c3=O)cc2)C(F)(F)F)cc1,13,760
761,*c1ccc(N2C(=O)c3ccc(-c4cccc5c4C(=O)N(*)C5=O)cc3C2=O)cc1,13,761
762,*CC1(C)CC(*)(C)C(=O)OC1=O,14,762
763,*CCCCCCOC(=O)O*,15,763
764,*CC(F)(F)C(F)(F)C(F)(F)C(F)(F)COC(=O)O*,15,764
765,*Oc1ccc(C(C)(C)c2ccc(OC(*)=O)cc2)cc1,15,765
766,*Oc1ccc(C(C)(CCC)c2ccc(OC(*)=O)cc2)cc1,15,766
767,*Oc1ccc(C(C)(C)c2ccc(OC(*)=O)c(C)c2)cc1C,15,767
768,*Oc1c(Cl)cc(C(C)(C)c2cc(Cl)c(OC(*)=O)c(Cl)c2)cc1Cl,15,768
769,*Oc1c(Br)cc(C(C)(C)c2cc(Br)c(OC(*)=O)c(Br)c2)cc1Br,15,769
770,*Oc1ccc(C(C)(c2ccccc2)c2ccc(OC(*)=O)cc2)cc1,15,770
771,*Oc1ccc(C(CCC)(CCC)c2ccc(OC(*)=O)cc2)cc1,15,771
772,*Oc1ccc(C2(c3ccc(OC(*)=O)cc3)CCCC2)cc1,15,772
773,*Oc1ccc(C2(c3ccc(OC(*)=O)cc3)CCCCC2)cc1,15,773
774,*Oc1ccc(C2(c3ccc(OC(*)=O)c(C)c3)CCCCC2)cc1C,15,774
775,*Oc1ccc(C2(c3ccc(OC(*)=O)cc3)c3ccccc3-c3ccccc32)cc1,15,775
776,*Oc1ccc(C(c2ccccc2)(c2ccccc2)c2ccc(OC(*)=O)cc2)cc1,15,776
777,*Oc1ccc(C(c2ccc(OC(*)=O)cc2)(C(F)(F)F)C(F)(F)F)cc1,15,777
778,*Oc1ccc(C(C#N)(c2ccccc2)c2ccc(OC(*)=O)cc2)cc1,15,778
779,*Oc1c(C)cc(C(C)(C)c2cc(C)c(OC(*)=O)c(C)c2)cc1C,15,779
780,*Oc1ccc(C(C)(C)c2ccc(C(C)(C)c3ccc(OC(*)=O)c(C)c3)cc2)cc1C,15,780
781,*Oc1cccc(CCCCCCCCCCc2cccc(OC(*)=O)c2)c1,15,781
782,*Oc1ccc(C(C)(C)c2ccc(OC(*)=O)c(C(C)C)c2)cc1C(C)C,15,782
783,*Oc1ccc(C(=O)CCCCCCCCC(=O)c2ccc(OC(*)=O)cc2)cc1,15,783
784,*Oc1ccc(S(=O)(=O)c2ccc(OC(*)=O)cc2)cc1,15,784
785,*Cc1ccc(COC(=O)O*)cc1,15,785
786,*Oc1ccc(C(=C(Cl)Cl)c2ccc(OC(*)=O)cc2)cc1,15,786
787,*Oc1ccc(OC(=O)Oc2ccc(-c3ccc(OC(*)=O)cc3)cc2)cc1,15,787
788,*Oc1ccc2ccc(OC(=O)Oc3ccc(OC(*)=O)cc3)cc2c1,15,788
789,*Oc1cccc2c(OC(=O)Oc3ccc(OC(*)=O)cc3)cccc12,15,789
790,*c1ccc(-c2nc3cc(-c4ccc5nc(-c6ccccc6)c(*)nc5c4)ccc3nc2-c2ccccc2)cc1,16,790
791,*c1ccc(-c2nc3cc(-c4ccc5nc(*)c(-c6ccccc6)nc5c4)ccc3nc2-c2ccccc2)cc1,16,791
792,*c1cccc(-c2nc3cc(-c4ccc5nc(*)c(-c6ccccc6)nc5c4)ccc3nc2-c2ccccc2)c1,16,792
793,*c1ccc(-c2nc3cc(-c4ccc5nc(*)c(-c6ccc7ccccc7c6)nc5c4)ccc3nc2-c2ccc3ccccc3c2)cc1,16,793
794,*c1cccc(-c2nc3cc(-c4ccc5nc(*)c(-c6ccc7ccccc7c6)nc5c4)ccc3nc2-c2ccc3ccccc3c2)c1,16,794
795,*N=P(*)(OCC(F)(F)F)OCC(F)(F)F,18,795
796,*Oc1ccc(C(=O)c2ccc(*)cc2)cc1,19,796
797,*CCCCCCS(*)(=O)=O,20,797
798,*OS(=O)(=O)c1ccc(*)cc1,20,798
799,*c1ccc(*)cc1,21,799
800,*CCc1ccc(*)c(C)c1,21,800
801,*CCc1cc(C)c(*)cc1C,21,801
802,*CCc1ccc(*)c(Cl)c1,21,802
803,*c1ccc(C(Cl)(Cl)C(*)Cl)cc1,21,803
804,*C1CCC(*)C1,1,804
805,*C1C2CC(C)C(C2)C1*,1,805
806,*C1CC2CC1C(*)C2CCCC,1,806
807,*C1CC2CC1C(*)C2CCCCCC,1,807
808,*CC(*)(C)c1ccc2ccccc2c1,2,808
809,*CCC(c1ccccc1)C(*)c1ccccc1,2,809
810,*/C(Cl)=C(/*)c1ccccc1,3,810
811,*/C=C(/*)c1ccc(C#C)cc1,3,811
812,*/C=C(/*)c1cccc(C#C)c1,3,812
813,*/C=C/C(C(=O)OCc1ccc(Cl)cc1)C(*)C(=O)OCc1ccc(Cl)cc1,3,813
814,*/C=C(/*)c1ccc(-c2ccc(C#C)cc2)cc1,3,814
815,*CC(*)C(=O)OCC(C)O,4,815
816,*CC(*)(CC(=O)OCCCCCCCC)C(=O)OCCCCCCCC,4,816
817,*CC(*)(CC(=O)OCCCCCCCCC)C(=O)OCCCCCCCCC,4,817
818,*CC(*)C(=O)n1c2ccccc2c2ccccc21,4,818
819,*CC(*)C(=O)OC(OCC)C(F)(F)F,4,819
820,*CC(*)(C)C(=O)OC(OCC)C(F)(F)F,4,820
821,*CC(*)(CC(=O)Oc1ccc(OCCCCCCC)cc1)C(=O)Oc1ccc(OCCCCCCC)cc1,4,821
822,*CC(*)(C)C(=O)Oc1c(C)cccc1C,4,822
823,*CC(*)(C)C(=O)OCCCCCCN(C)c1ccc(/N=N/c2ccc(S(C)(=O)=O)cc2)cc1,4,823
824,*C([2H])([2H])C(*)(C(=O)OC([2H])([2H])[2H])C([2H])([2H])[2H],4,824
825,*C(*)C(=O)OC(C)C,4,825
826,*CC(*)(C)C(=O)Oc1c(C(C)C)cccc1C(C)C,4,826
827,*CC(*)(C)C(=O)OCC(=O)c1ccccc1,4,827
828,*CC(*)(C)C(=O)OCc1ccc(Cl)c(Cl)c1,4,828
829,*CC(*)(C)C(=O)OCc1cccc(Cl)c1,4,829
830,*CC(*)(C)C(=O)OCc1ccc(Cl)cc1,4,830
831,*CC(*)(C)C(=O)OCc1cccc(Cl)c1Cl,4,831
832,*CC(*)(C)C(=O)OCc1ccc(Cl)cc1Cl,4,832
833,*CC(*)(C)C(=O)OCc1cc(Cl)ccc1Cl,4,833
834,*CC(*)(C)C(=O)OCc1c(Cl)cccc1Cl,4,834
835,*CC(*)(C)C(=O)OCc1cc(Cl)cc(Cl)c1,4,835
836,*/C=C(/*)C(C)(C)C,6,836
837,*C1C(*)C2CC1C1C=CCC12,6,837
838,*/C(C)=C(/*)C(C)C,6,838
839,*OC1C(CO)OC(*)C(O)C1O,7,839
840,*Oc1cc(C)c(*)c(C)c1Br,7,840
841,*CCC(C)CO*,7,841
842,*Oc1ccc2[nH]c(-c3ccc4c(c3)-c3cc(-c5nc6cc(*)ccc6[nH]5)ccc3S4(=O)=O)nc2c1,7,842
843,*C1Oc2ccccc2C1*,7,843
844,*Oc1ccc2[nH]c(-c3ccc4sc5ccc(-c6nc7cc(*)ccc7[nH]6)cc5c4c3)nc2c1,7,844
845,*OC(F)(F)C(F)(F)C(*)(F)F,7,845
846,*c1ccc(Oc2ccc(C(=O)c3ccc(Oc4ccc(C5(*)OC(=O)c6ccccc65)cc4)cc3)cc2)cc1,7,846
847,*Oc1cccc(Oc2cccc(*)c2)c1C#N,7,847
848,*C(=O)Oc1ccc(C(C)(C)c2ccc(OC(=O)c3ccc4c(c3)C(=O)n3c-4nc4ccc(Oc5ccc6c(c5)nc5n6C(=O)c6ccc(*)cc6-5)cc43)cc2)cc1,7,848
849,*Oc1ccc(NC(=O)c2ccc(C(c3ccc(C(=O)O)c(C(=O)Nc4cc(*)ccc4N)c3)(C(F)(F)F)C(F)(F)F)cc2C(=O)O)c(N)c1,7,849
850,*c1ccc2c(c1)-c1nc3cc(Oc4ccc5c(c4)nc4n5C(=O)c5cc(C(*)(C(F)(F)F)C(F)(F)F)ccc5-4)ccc3n1C2=O,7,850
851,*Oc1ccc(S(=O)(=O)c2ccc(Oc3ccc(C(C)(C)c4ccc(*)cc4)cc3[N+](=O)[O-])cc2)cc1,7,851
852,*Oc1ccc(S(=O)(=O)c2ccc(Oc3ccc(C(C)(C)c4ccc(*)cc4)cc3)c([N+](=O)[O-])c2)cc1[N+](=O)[O-],7,852
853,*Oc1ccc(S(=O)(=O)c2ccc(Oc3c(C)cc(C(c4cc(C)c(*)c(C)c4)(C(F)(F)F)C(F)(F)F)cc3C)cc2)cc1,7,853
854,*CC(=C)COCC(=C)COC(=O)O*,7,854
855,*OC1C(COC(C)=O)OC(*)C(OC(C)=O)C1OC(C)=O,7,855
856,*Oc1ccc(SC(=O)Sc2ccc(*)cc2)cc1,7,856
857,*Oc1ccc(SC(=O)Oc2ccc(C(C)(C)c3ccc(OC(=O)Sc4ccc(*)cc4)cc3)cc2)cc1,7,857
858,*Oc1ccc(NC(=O)c2cc(C(c3ccc(C(=O)O)c(C(=O)Nc4ccc(Oc5ccc(C(c6ccc(*)cc6)(C(F)(F)F)C(F)(F)F)cc5)cc4)c3)(C(F)(F)F)C(F)(F)F)ccc2C(=O)O)cc1,7,858
859,*OC1C(CO)OC(*)C(N)C1O,7,859
860,*Oc1ccc(S(=O)(=O)c2ccc(Oc3ccc(C(=O)c4cc(Br)cc(C(=O)c5ccc(*)cc5)c4)cc3)cc2)cc1,7,860
861,*Oc1ccc(S(=O)(=O)c2ccc(Oc3ccc(C(=O)c4cc(I)cc(C(=O)c5ccc(*)cc5)c4)cc3)cc2)cc1,7,861
862,*Oc1ccc(S(=O)(=O)c2ccc(Oc3ccc(C(=O)c4cc(C(=O)c5ccc(*)cc5)cc(C(C)(C)C)c4)cc3)cc2)cc1,7,862
863,*Oc1ccc(C(c2ccc(Oc3ccc(C(=O)c4cccc(C(=O)c5ccc(*)cc5)c4)cc3)cc2)(C(F)(F)F)C(F)(F)F)cc1,7,863
864,*Oc1ccc(C(=O)Nc2cccc(C(O)Cc3ccc(NC(=O)c4ccc(*)cc4)cc3)c2)cc1,7,864
865,*C(F)(F)C(F)(F)C1(F)C(*)(F)OC(F)(F)C1(F)F,7,865
866,*Oc1cc(C(C)(C)C)c(Oc2ccc(C(=O)Nc3ccc(C(C)(C)c4ccc(NC(=O)c5ccc(*)cc5)cc4)cc3)cc2)cc1C(C)(C)C,7,866
867,*Oc1cc(C(C)(C)C)c(Oc2ccc(C(=O)Nc3ccc(C(C)(C)c4ccc(NC(=O)c5ccc(*)cc5)c(C)c4)cc3C)cc2)cc1C(C)(C)C,7,867
868,*Oc1cc(C(C)(C)C)c(Oc2ccc(C(=O)Nc3c(C)cc(C(C)(C)c4cc(C)c(NC(=O)c5ccc(*)cc5)c(C)c4)cc3C)cc2)cc1C(C)(C)C,7,868
869,*Oc1cc(C(C)(C)C)c(Oc2ccc(C(=O)Nc3c(C)cc(Cc4cc(C)c(NC(=O)c5ccc(*)cc5)c(C(C)C)c4)cc3C(C)C)cc2)cc1C(C)(C)C,7,869
870,*Oc1cc(C(C)(C)C)c(Oc2ccc(C(=O)Nc3ccc(C(c4ccc(NC(=O)c5ccc(*)cc5)cc4)(C(F)(F)F)C(F)(F)F)cc3)cc2)cc1C(C)(C)C,7,870
871,*Oc1ccc(Oc2ccc(C(=O)c3ccc(C(=O)c4ccc(*)cc4)c4ccccc34)cc2)cc1,7,871
872,*Oc1ccc(S(=O)(=O)c2ccc(Oc3ccc(C(C)(C)c4ccc(*)c(C(O)(C(F)(F)F)C(F)(F)F)c4)cc3C(O)(C(F)(F)F)C(F)(F)F)cc2)cc1,7,872
873,*Oc1ccc(S(=O)(=O)c2ccc(Oc3ccc(C(C)(C)c4ccc(*)c(C(OC)(C(F)(F)F)C(F)(F)F)c4)cc3C(OC)(C(F)(F)F)C(F)(F)F)cc2)cc1,7,873
874,*Oc1ccc(S(=O)(=O)c2ccc(Oc3c(C)cc(C(C)(C)c4cc(C)c(*)c(C)c4)cc3C)cc2C(O)(C(F)(F)F)C(F)(F)F)c(C(O)(C(F)(F)F)C(F)(F)F)c1,7,874
875,*Oc1ccc2c(c1)nc1n2C(=O)c2ccc(-c3ccc4c(c3)C(=O)n3c-4nc4ccc(*)cc43)cc2-1,7,875
876,*Oc1ccc2c(c1)nc1c3cc4c(=O)n5c6cc(*)ccc6nc5c4cc3c(=O)n21,7,876
877,*c1ccc2c(c1)-c1nc3cc(Oc4ccc5nc6n(c5c4)C(=O)c4cc(C(*)(C(F)(F)F)C(F)(F)F)ccc4-6)ccc3n1C2=O,7,877
878,*c1ccc(*)s1,8,878
879,*c1ccc2c(c1)-c1cc(-c3nc4cc(-c5ccc6[nH]c(*)nc6c5)ccc4[nH]3)ccc1S2(=O)=O,8,879
880,*Cc1ccc2[nH]c(-c3ccc4c(c3)-c3cc(-c5nc6cc(*)ccc6[nH]5)ccc3S4(=O)=O)nc2c1,8,880
881,*c1ccc2sc3ccc(-c4nc5cc(-c6ccc7[nH]c(*)nc7c6)ccc5[nH]4)cc3c2c1,8,881
882,*Cc1ccc2[nH]c(-c3ccc4sc5ccc(-c6nc7cc(*)ccc7[nH]6)cc5c4c3)nc2c1,8,882
883,*c1cc(CCCC)c(*)s1,8,883
884,*Oc1ccc(C(C)(c2ccccc2)c2ccc(OC(=O)c3cccc(C(*)=O)c3)cc2)cc1,9,884
885,*Oc1ccc(C(c2ccccc2)(c2ccccc2)c2ccc(OC(=O)c3cccc(C(*)=O)c3)cc2)cc1,9,885
886,*Oc1ccc(C(C)(C)c2ccc(OC(=O)c3ccc(C(=O)c4ccc(C(*)=O)cc4)cc3)cc2)cc1,9,886
887,*CCCCCCCCOC(=O)c1cccc(C(=O)O*)c1,9,887
888,*c1cc(Br)c(OC(=O)c2ccc(C(=O)Oc3c(Br)cc(C4(*)OC(=O)c5ccccc54)cc3Br)cc2)c(Br)c1,9,888
889,*CCCCCCS(=O)(=O)c1ccc(/N=N/c2ccc(N(C)CCCCCC(=O)O*)cc2)cc1,9,889
890,*CCCS(=O)(=O)c1ccc(/N=N/c2ccc(N(CCCC)CC(=O)O*)cc2)cc1,9,890
891,*Oc1ccc(OC(=O)c2cc(OCCCCCCCCCCCC)c(C(*)=O)cc2OCCCCCCCCCCCC)cc1,9,891
892,*Oc1ccc2c(c1)C1(CC2(C)C)CC(C)(C)c2ccc(OC(=O)c3ccc(C(*)=O)cc3)cc21,9,892
893,*Oc1ccc2c(c1)C1(CC2(C)C)CC(C)(C)c2ccc(OC(=O)c3cccc(C(*)=O)c3)cc21,9,893
894,*CCOC(=O)NCC1(C)CC(NC(=O)O*)CC(C)(C)C1,9,894
895,*Oc1ccc(C(C)(C)c2ccc(OC(=O)c3ccccc3/C=C/c3ccc(/C=C/c4ccccc4C(*)=O)cc3)cc2)cc1,9,895
896,*Oc1ccc(C(C)(C)c2ccc(OC(=O)c3ccccc3/C=C/c3ccc(/C=C/c4ccccc4C(*)=O)cc3)c(C)c2)cc1C,9,896
897,*Oc1ccc(S(=O)(=O)c2ccc(OC(=O)c3ccccc3/C=C/c3ccc(/C=C/c4ccccc4C(*)=O)cc3)cc2)cc1,9,897
898,*c1ccc(OC(=O)c2ccccc2/C=C/c2ccc(/C=C/c3ccccc3C(=O)Oc3ccc(C4(*)OC(=O)c5ccccc54)cc3)cc2)cc1,9,898
899,*Oc1cccc2c(OC(=O)c3ccccc3/C=C/c3ccc(/C=C/c4ccccc4C(*)=O)cc3)cccc12,9,899
900,*Oc1cccc2ccc(OC(=O)c3ccccc3/C=C/c3ccc(/C=C/c4ccccc4C(*)=O)cc3)cc12,9,900
901,*Oc1ccc2ccc(OC(=O)c3ccccc3/C=C/c3ccc(/C=C/c4ccccc4C(*)=O)cc3)cc2c1,9,901
902,*Oc1cccc(OC(=O)c2ccccc2/C=C/c2ccc(/C=C/c3ccccc3C(*)=O)cc2)c1,9,902
903,*Oc1ccccc1OC(=O)c1ccccc1/C=C/c1ccc(/C=C/c2ccccc2C(*)=O)cc1,9,903
904,*Oc1ccc(OC(=O)c2ccccc2/C=C/c2ccc(/C=C/c3ccccc3C(*)=O)cc2)cc1,9,904
905,*CCCCCCCCCCCCNC(=O)CCCCCCCCCCCCCCCCCCC(=O)N*,10,905
906,*Nc1ccc(NC(=O)c2cc(C(*)=O)c(C(=O)OCC)cc2C(=O)OCC)cc1,10,906
907,*Nc1cccc(C(O)Cc2ccc(NC(=O)c3ccc(C(*)=O)cc3)cc2)c1,10,907
908,*c1ccc2c(c1)-c1nc3cc(-c4ccc5nc6n(c5c4)C(=O)c4cc(C(*)(C(F)(F)F)C(F)(F)F)ccc4-6)ccc3n1C2=O,10,908
909,*CC(C)CNC(=O)O*,11,909
910,*c1ccc(Oc2cccc(Oc3ccc(N4C(=O)c5ccc(-c6ccc7c(c6)C(=O)N(*)C7=O)cc5C4=O)cc3)c2)cc1,13,910
911,*c1cccc(N2C(=O)c3ccc(C(c4ccc5c(c4)C(=O)N(*)C5=O)(C(F)(F)F)C(F)(F)F)cc3C2=O)c1,13,911
912,*c1ccc2c(c1)C(=O)N(c1cccc(S(=O)(=O)c3cccc(N4C(=O)c5ccc(C(*)(C(F)(F)F)C(F)(F)F)cc5C4=O)c3)c1)C2=O,13,912
913,*C(=O)Nc1ccc(Oc2ccc(N3C(=O)c4ccc(*)cc4C3=O)cc2)cc1,13,913
914,*c1ccc(S(=O)(=O)c2ccc(-n3c(=O)c4cc5c(=O)n(*)c(=O)c5cc4c3=O)cc2)cc1,13,914
915,*c1cccc(Oc2ccc(-n3c(=O)c4cc5c(=O)n(*)c(=O)c5cc4c3=O)cc2)c1,13,915
916,*c1ccc(-c2ccc(N3C(=O)c4ccc(-c5ccc6c(c5)C(=O)N(*)C6=O)cc4C3=O)cc2C(F)(F)F)c(C(F)(F)F)c1,13,916
917,*C(=O)Oc1ccc(C(C)(C)c2ccc(OC(=O)c3ccc4c(c3)C(=O)N(c3ccc(-c5ccc(N6C(=O)c7ccc(*)cc7C6=O)c(C)c5)cc3C)C4=O)cc2)cc1,13,917
918,*C(=O)Oc1ccc(C(C)(C)c2ccc(OC(=O)c3ccc4c(c3)C(=O)N(c3ccc(Oc5ccc(N6C(=O)c7ccc(*)cc7C6=O)cc5)cc3)C4=O)cc2)cc1,13,918
919,*C(=O)Oc1ccc(C(C)(C)c2ccc(OC(=O)c3ccc4c(c3)C(=O)N(c3ccc(-c5ccc(N6C(=O)c7ccc(*)cc7C6=O)cc5)cc3)C4=O)cc2)cc1,13,919
920,*c1ccc2c(c1)C(=O)N(c1ccc3c(c1)-c1cc(N4C(=O)c5ccc(C(*)(C(F)(F)F)C(F)(F)F)cc5C4=O)ccc1C3)C2=O,13,920
921,*C(=O)Nc1ccc(NC(=O)c2ccc(N3C(=O)c4ccc(*)cc4C3=O)cc2)cc1,13,921
922,*c1ccc(Oc2ccc(C(c3ccc(Oc4ccc(N5C(=O)c6ccc(Oc7ccc8c(c7)C(=O)N(*)C8=O)cc6C5=O)cc4)cc3)(C(F)(F)F)C(F)(F)F)cc2)cc1,13,922
923,*c1cccc(Oc2cccc(Oc3cccc(-n4c(=O)c5cc6c(=O)n(*)c(=O)c6cc5c4=O)c3)c2)c1,13,923
924,*c1ccc(Oc2ccc(S(=O)(=O)c3ccc(Oc4ccc(N5C(=O)c6ccc(C(=O)c7ccc8c(c7)C(=O)N(*)C8=O)cc6C5=O)cc4)cc3)cc2)cc1,13,924
925,*c1ccc(Oc2ccc(S(=O)(=O)c3ccc(Oc4ccc(N5C(=O)c6ccc(Oc7ccc8c(c7)C(=O)N(*)C8=O)cc6C5=O)cc4)cc3)cc2)cc1,13,925
926,*c1ccc(Oc2cccc(Oc3ccc(N4C(=O)c5ccc(C(=O)c6ccc7c(c6)C(=O)N(*)C7=O)cc5C4=O)cc3)c2)cc1,13,926
927,*c1ccc(Oc2ccc(S(=O)(=O)c3ccc(Oc4ccc(-n5c(=O)c6cc7c(=O)n(*)c(=O)c7cc6c5=O)cc4)cc3)cc2)cc1,13,927
928,*c1ccc(-c2ccc(-n3c(=O)c4cc5c(=O)n(*)c(=O)c5cc4c3=O)cc2C(F)(F)F)c(C(F)(F)F)c1,13,928
929,*c1ccc(S(=O)(=O)c2ccc(N3C(=O)c4ccc(-c5ccc6c(c5)C(=O)N(*)C6=O)cc4C3=O)cc2)cc1,13,929
930,*C(=O)c1ccc2c(c1)C(=O)N(c1ccc(C3(c4ccc(N5C(=O)c6ccc(*)cc6C5=O)cc4)c4ccccc4-c4ccccc43)cc1)C2=O,13,930
931,*CCCCCCN1C(=O)c2ccc(C(c3ccc4c(c3)C(=O)N(*)C4=O)(C(F)(F)F)C(F)(F)F)cc2C1=O,13,931
932,*c1ccc2c(c1)C(=O)N(c1c(C)cc(Cc3cc(C)c(N4C(=O)c5ccc(C(*)(C(F)(F)F)C(F)(F)F)cc5C4=O)c(C)c3)cc1C)C2=O,13,932
933,*c1ccc2c(c1)C(=O)N(c1c(CC)cc(Cc3cc(CC)c(N4C(=O)c5ccc(C(*)(C(F)(F)F)C(F)(F)F)cc5C4=O)c(CC)c3)cc1CC)C2=O,13,933
934,*c1ccc2c(c1)C(=O)N(c1c(C(C)C)cc(Cc3cc(C(C)C)c(N4C(=O)c5ccc(C(*)(C(F)(F)F)C(F)(F)F)cc5C4=O)c(C(C)C)c3)cc1C(C)C)C2=O,13,934
935,*c1ccc2c(c1)C(=O)N(c1cc(N3C(=O)c4ccc(C(*)(C(F)(F)F)C(F)(F)F)cc4C3=O)ccc1C)C2=O,13,935
936,*c1ccc(S(=O)(=O)c2ccc(N3C(=O)c4ccc(C(c5ccc6c(c5)C(=O)N(*)C6=O)(C(F)(F)F)C(F)(F)F)cc4C3=O)cc2)cc1,13,936
937,*c1ccc(S(=O)(=O)c2ccc(N3C(=O)c4ccc(C(=O)c5ccc6c(c5)C(=O)N(*)C6=O)cc4C3=O)cc2)cc1,13,937
938,*c1ccc(-c2ccc(-n3c(=O)c4cc5c(=O)n(*)c(=O)c5cc4c3=O)cc2OC(F)(F)F)c(OC(F)(F)F)c1,13,938
939,*C1CCC(N2C(=O)c3ccc(-c4ccc5c(c4)C(=O)N(*)C5=O)cc3C2=O)CC1,13,939
940,*c1cc(C(c2ccc(O)c(-n3c(=O)c4cc5c(=O)n(*)c(=O)c5cc4c3=O)c2)(C(F)(F)F)C(F)(F)F)ccc1O,13,940
941,*c1ccc2c(c1)C(=O)N(c1ccc(C(c3ccc(C)c(N4C(=O)c5ccc(C(*)(C(F)(F)F)C(F)(F)F)cc5C4=O)c3)(C(F)(F)F)C(F)(F)F)cc1C)C2=O,13,941
942,*c1ccc2c(c1)C(=O)N(c1ccc(Oc3ccc(-c4ccc(Oc5ccc(N6C(=O)c7ccc(C(*)(C(F)(F)F)C(F)(F)F)cc7C6=O)cc5)cc4)cc3)cc1)C2=O,13,942
943,*c1ccc(Oc2ccc(S(=O)(=O)c3ccc(Oc4ccc(N5C(=O)c6ccc(C(c7ccc8c(c7)C(=O)N(*)C8=O)(C(F)(F)F)C(F)(F)F)cc6C5=O)cc4)cc3)cc2)cc1,13,943
944,*c1ccc2c(c1)C(=O)N(c1cccc(Oc3ccc(S(=O)(=O)c4ccc(Oc5cccc(N6C(=O)c7ccc(C(*)(C(F)(F)F)C(F)(F)F)cc7C6=O)c5)cc4)cc3)c1)C2=O,13,944
945,*c1ccc(C(C)(C)c2ccc(N3C(=O)c4ccc(Oc5ccc6c(c5)C(=O)N(*)C6=O)cc4C3=O)cc2)cc1,13,945
946,*c1cccc(N2C(=O)c3ccc(Oc4ccc5c(c4)C4(CC(C)(C)c6ccc(Oc7ccc8c(c7)C(=O)N(*)C8=O)cc64)CC5(C)C)cc3C2=O)c1,13,946
947,*c1ccc(S(=O)(=O)c2ccc(N3C(=O)c4ccc(Oc5ccc6c(c5)C(=O)N(*)C6=O)cc4C3=O)cc2)cc1,13,947
948,*c1ccc2c(c1)C(=O)N(c1ccc(Oc3ccc(N4C(=O)c5ccc(C(C)(C)CCCCCCCCC(*)(C)C)cc5C4=O)cc3)cc1)C2=O,13,948
949,*C(=O)Nc1cccc(NC(=O)c2ccc(N3C(=O)c4ccc(*)cc4C3=O)cc2)c1,13,949
950,*C(=O)c1ccc2c(c1)C(=O)N(c1ccc(C(=O)Nc3ccc(N4C(=O)c5ccc(*)cc5C4=O)cc3)cc1)C2=O,13,950
951,*c1cccc(Oc2ccc(N3C(=O)c4ccc(C(=O)c5ccc6c(c5)C(=O)N(*)C6=O)cc4C3=O)cc2)c1,13,951
952,*c1ccc(-c2sc(-c3ccc(-n4c(=O)c5cc6c(=O)n(*)c(=O)c6cc5c4=O)cc3)c(-c3ccccc3)c2-c2ccccc2)cc1,13,952
953,*c1ccc(C(c2ccc(N3C(=O)c4cc5c(cc4C3=O)C(C(F)(F)F)(C(F)(F)F)c3cc4c(cc3O5)C(=O)N(*)C4=O)cc2)(C(F)(F)F)C(F)(F)F)cc1,13,953
954,*c1ccc2c(c1)C(=O)N(c1cc(C(c3ccc(O)c(N4C(=O)c5ccc(C(*)(C(F)(F)F)C(F)(F)F)cc5C4=O)c3)(C(F)(F)F)C(F)(F)F)ccc1O)C2=O,13,954
955,*c1ccc(Oc2c(C)cc(Cc3cc(C)c(Oc4ccc(-n5c(=O)c6cc7c(=O)n(*)c(=O)c7cc6c5=O)cc4)c(C)c3)cc2C)cc1,13,955
956,*c1ccc(Oc2c(C)cc(Cc3cc(C)c(Oc4ccc(N5C(=O)c6ccc(-c7ccc8c(c7)C(=O)N(*)C8=O)cc6C5=O)cc4)c(C)c3)cc2C)cc1,13,956
957,*C(=O)c1ccc2c(c1)C(=O)N(c1ccc(Oc3c(C)cc(Cc4cc(C)c(Oc5ccc(N6C(=O)c7ccc(*)cc7C6=O)cc5)c(C)c4)cc3C)cc1)C2=O,13,957
958,*c1ccc2c(c1)C(=O)N(c1ccc(Oc3c(C)cc(Cc4cc(C)c(Oc5ccc(N6C(=O)c7ccc(C(*)(C(F)(F)F)C(F)(F)F)cc7C6=O)cc5)c(C)c4)cc3C)cc1)C2=O,13,958
959,*c1c(C)cc(C(c2cc(C)c(N3C(=O)c4ccc(-c5ccc6c(c5)C(=O)N(*)C6=O)cc4C3=O)c(C)c2)c2cccc3ccccc23)cc1C,13,959
960,*C(=O)c1ccc2c(c1)C(=O)N(c1c(C)cc(C(c3cc(C)c(N4C(=O)c5ccc(*)cc5C4=O)c(C)c3)c3cccc4ccccc34)cc1C)C2=O,13,960
961,*c1ccc2c(c1)C(=O)N(c1c(C)cc(C(c3cc(C)c(N4C(=O)c5ccc(C(*)(C(F)(F)F)C(F)(F)F)cc5C4=O)c(C)c3)c3cccc4ccccc34)cc1C)C2=O,13,961
962,*c1ccc(Oc2c(C)cc(C(c3cc(C)c(Oc4ccc(-n5c(=O)c6cc7c(=O)n(*)c(=O)c7cc6c5=O)cc4)c(C)c3)c3cccc4ccccc34)cc2C)cc1,13,962
963,*c1ccc(Oc2c(C)cc(C(c3cc(C)c(Oc4ccc(N5C(=O)c6ccc(-c7ccc8c(c7)C(=O)N(*)C8=O)cc6C5=O)cc4)c(C)c3)c3cccc4ccccc34)cc2C)cc1,13,963
964,*c1ccc2c(c1)C(=O)N(c1ccc(Oc3c(C)cc(C(c4cc(C)c(Oc5ccc(N6C(=O)c7ccc(C(*)(C(F)(F)F)C(F)(F)F)cc7C6=O)cc5)c(C)c4)c4cccc5ccccc45)cc3C)cc1)C2=O,13,964
965,*/C=C/C1CC(*)C2C(=O)N(CCCCC)C(=O)C12,13,965
966,*/C=C/C1CC(*)C2C(=O)N(CCCCCC)C(=O)C12,13,966
967,*c1cccc(P(=O)(c2cccc(-n3c(=O)c4cc5c(=O)n(*)c(=O)c5cc4c3=O)c2)c2cc(C(F)(F)F)cc(C(F)(F)F)c2)c1,13,967
968,*c1cccc(P(=O)(c2ccc(C(F)(F)F)cc2)c2cccc(-n3c(=O)c4cc5c(=O)n(*)c(=O)c5cc4c3=O)c2)c1,13,968
969,*c1cccc(P(=O)(c2ccccc2)c2cccc(-n3c(=O)c4cc5c(=O)n(*)c(=O)c5cc4c3=O)c2)c1,13,969
970,*Oc1c(C)cc(C(C)(C)c2cc(C)c(ON3C(=O)c4ccc(Oc5ccc(C6(c7ccc(Oc8ccc9c(c8)C(=O)N(*)C9=O)cc7)CCC(C(C)(C)C)CC6)cc5)cc4C3=O)c(C)c2)cc1C,13,970
971,*c1ccc(Oc2ccc(C(c3ccc(Oc4ccc(N5C(=O)c6ccc(Oc7ccc(C8(c9ccc(Oc%10ccc%11c(c%10)C(=O)N(*)C%11=O)cc9)CCC(C(C)(C)C)CC8)cc7)cc6C5=O)cc4)cc3)(C(F)(F)F)C(F)(F)F)cc2)cc1,13,971
972,*c1ccc(Oc2ccc(Oc3ccc(N4C(=O)c5ccc(Oc6ccc(C7(c8ccc(Oc9ccc%10c(c9)C(=O)N(*)C%10=O)cc8)CCC(C(C)(C)C)CC7)cc6)cc5C4=O)cc3)c(C(C)(C)C)c2)cc1,13,972
973,*c1ccc(Oc2ccc(C3(c4ccc(Oc5ccc(N6C(=O)c7ccc(Oc8ccc(C9(c%10ccc(Oc%11ccc%12c(c%11)C(=O)N(*)C%12=O)cc%10)CCC(C(C)(C)C)CC9)cc8)cc7C6=O)cc5)cc4)CC4CC3C3CCCC43)cc2)cc1,13,973
974,*C(=O)Nc1cccc(C#Cc2cccc(N3C(=O)c4ccc(*)cc4C3=O)c2)c1,13,974
975,*c1ccc(Oc2ccc(NC(=O)CN3C(=O)c4ccc(C(c5ccc6c(c5)C(=O)N(CC(=O)Nc5ccc(Oc7ccc(-c8nnc(*)o8)cc7)cc5)C6=O)(C(F)(F)F)C(F)(F)F)cc4C3=O)cc2)cc1,13,975
976,*c1ccc(Oc2c(C)cc(C(C)(C)c3cc(C)c(Oc4ccc(N5C(=O)c6ccc(Oc7ccc(C8(c9ccc(Oc%10ccc%11c(c%10)C(=O)N(*)C%11=O)cc9)CCC(c9ccccc9)CC8)cc7)cc6C5=O)cc4)c(C)c3)cc2C)cc1,13,976
977,*c1ccc(Oc2ccc(Oc3ccc(N4C(=O)c5ccc(Oc6ccc(C7(c8ccc(Oc9ccc%10c(c9)C(=O)N(*)C%10=O)cc8)CCC(c8ccccc8)CC7)cc6)cc5C4=O)cc3)c(C(C)(C)C)c2)cc1,13,977
978,*c1ccc(Oc2ccc(-c3ccc(Oc4ccc(N5C(=O)c6ccc(Oc7ccc(C8(c9ccc(Oc%10ccc%11c(c%10)C(=O)N(*)C%11=O)cc9)CCC(c9ccccc9)CC8)cc7)cc6C5=O)cc4)cc3C)c(C)c2)cc1,13,978
979,*c1ccc(Oc2ccc(N3C(=O)c4ccc(Oc5ccc(C6(c7ccc(Oc8ccc9c(c8)C(=O)N(*)C9=O)cc7)CCC(c7ccccc7)CC6)cc5)cc4C3=O)cc2)cc1,13,979
980,*c1ccc(Oc2ccccc2Oc2ccc(-n3c(=O)c4cc5c(=O)n(*)c(=O)c5cc4c3=O)cc2)cc1,13,980
981,*c1ccc(Oc2ccc(Oc3ccc(-n4c(=O)c5cc6c(=O)n(*)c(=O)c6cc5c4=O)cc3)cc2C(C)(C)C)cc1,13,981
982,*c1ccc(Oc2ccc(Oc3ccc(-n4c(=O)c5cc6c(=O)n(*)c(=O)c6cc5c4=O)cc3)cc2-c2ccccc2)cc1,13,982
983,*c1ccc(Oc2cc(C(C)(C)C)ccc2Oc2ccc(-n3c(=O)c4cc5c(=O)n(*)c(=O)c5cc4c3=O)cc2)cc1,13,983
984,*c1ccc(Oc2ccc(Oc3ccc(N4C(=O)c5ccc(-c6ccc7c(c6)C(=O)N(*)C7=O)cc5C4=O)cc3)cc2)cc1,13,984
985,*c1ccc(Oc2ccccc2Oc2ccc(N3C(=O)c4ccc(-c5ccc6c(c5)C(=O)N(*)C6=O)cc4C3=O)cc2)cc1,13,985
986,*c1ccc(Oc2ccc(Oc3ccc(N4C(=O)c5ccc(-c6ccc7c(c6)C(=O)N(*)C7=O)cc5C4=O)cc3)c(C(C)(C)C)c2)cc1,13,986
987,*c1ccc(Oc2ccc(Oc3ccc(N4C(=O)c5ccc(-c6ccc7c(c6)C(=O)N(*)C7=O)cc5C4=O)cc3)c(-c3ccccc3)c2)cc1,13,987
988,*c1ccc(Oc2cc(C(C)(C)C)ccc2Oc2ccc(N3C(=O)c4ccc(-c5ccc6c(c5)C(=O)N(*)C6=O)cc4C3=O)cc2)cc1,13,988
989,*c1ccc(Oc2ccc(-c3ccc(Oc4ccc(N5C(=O)c6ccc(Oc7cccc(Oc8ccc9c(c8)C(=O)N(*)C9=O)c7)cc6C5=O)cc4)cc3)cc2)cc1,13,989
990,*c1ccc(Oc2ccc(C3(c4ccc(Oc5ccc(N6C(=O)c7ccc(Oc8ccc(C9(c%10ccc(Oc%11ccc%12c(c%11)C(=O)N(*)C%12=O)cc%10)CCC(c%10ccccc%10)CC9)cc8)cc7C6=O)cc5)cc4)CC4CC3C3CCCC43)cc2)cc1,13,990
991,*C(=O)c1ccc2c(c1)C(=O)N(c1cc(C(c3ccc(O)c(N4C(=O)c5ccc(*)cc5C4=O)c3)(C(F)(F)F)C(F)(F)F)ccc1O)C2=O,13,991
992,*c1ccc(Oc2ccc(-c3ccc(Oc4ccc(N5C(=O)c6ccc(Oc7ccc(C8(c9ccc(Oc%10ccc%11c(c%10)C(=O)N(*)C%11=O)cc9)CCCCCCCCCCC8)cc7)cc6C5=O)cc4)cc3C)c(C)c2)cc1,13,992
993,*c1ccc(Cc2ccc(N3C(=O)c4ccc(Oc5ccc(C6(c7ccc(Oc8ccc9c(c8)C(=O)N(*)C9=O)cc7)CCCCCCCCCCC6)cc5)cc4C3=O)cc2)cc1,13,993
994,*c1ccc(Oc2ccc(Oc3ccc(N4C(=O)c5ccc(Oc6ccc(C7(c8ccc(Oc9ccc%10c(c9)C(=O)N(*)C%10=O)cc8)CCCCCCCCCCC7)cc6)cc5C4=O)cc3)c(C(C)(C)C)c2)cc1,13,994
995,*c1ccc(Oc2ccc(C3(c4ccc(Oc5ccc(N6C(=O)c7ccc(Oc8ccc(C9(c%10ccc(Oc%11ccc%12c(c%11)C(=O)N(*)C%12=O)cc%10)CCCCCCCCCCC9)cc8)cc7C6=O)cc5)cc4)CCC(C(C)(C)C)CC3)cc2)cc1,13,995
996,*c1ccc(Oc2ccc(C3(c4ccc(Oc5ccc(N6C(=O)c7ccc(Oc8ccc(C9(c%10ccc(Oc%11ccc%12c(c%11)C(=O)N(*)C%12=O)cc%10)CCCCCCCCCCC9)cc8)cc7C6=O)cc5)cc4)C4CC5CC(C4)CC3C5)cc2)cc1,13,996
997,*c1ccc2c(c1)C(=O)N(c1ccc(Oc3ccc4ccc(Oc5ccc(N6C(=O)c7ccc(C(*)(C(F)(F)F)C(F)(F)F)cc7C6=O)cc5)cc4c3)cc1)C2=O,13,997
998,*c1ccc(Oc2ccc3ccc(Oc4ccc(-n5c(=O)c6cc7c(=O)n(*)c(=O)c7cc6c5=O)cc4)cc3c2)cc1,13,998
999,*c1cccc(P(=O)(c2cccc(-n3c(=O)c4c(-c5cc(C(F)(F)F)cc(C(F)(F)F)c5)c5c(=O)n(*)c(=O)c5c(-c5cc(C(F)(F)F)cc(C(F)(F)F)c5)c4c3=O)c2)c2cc(C(F)(F)F)cc(C(F)(F)F)c2)c1,13,999
1000,*c1cccc(P(=O)(c2ccc(C(F)(F)F)cc2)c2cccc(-n3c(=O)c4c(-c5cc(C(F)(F)F)cc(C(F)(F)F)c5)c5c(=O)n(*)c(=O)c5c(-c5cc(C(F)(F)F)cc(C(F)(F)F)c5)c4c3=O)c2)c1,13,1000
1001,*c1cccc(P(=O)(c2ccccc2)c2cccc(-n3c(=O)c4c(-c5cc(C(F)(F)F)cc(C(F)(F)F)c5)c5c(=O)n(*)c(=O)c5c(-c5cc(C(F)(F)F)cc(C(F)(F)F)c5)c4c3=O)c2)c1,13,1001
1002,*c1cccc(P(=O)(c2cccc(-n3c(=O)c4c(-c5ccc(C(F)(F)F)cc5)c5c(=O)n(*)c(=O)c5c(-c5ccc(C(F)(F)F)cc5)c4c3=O)c2)c2cc(C(F)(F)F)cc(C(F)(F)F)c2)c1,13,1002
1003,*c1cccc(P(=O)(c2ccc(C(F)(F)F)cc2)c2cccc(-n3c(=O)c4c(-c5ccc(C(F)(F)F)cc5)c5c(=O)n(*)c(=O)c5c(-c5ccc(C(F)(F)F)cc5)c4c3=O)c2)c1,13,1003
1004,*c1cccc(P(=O)(c2ccccc2)c2cccc(-n3c(=O)c4c(-c5ccc(C(F)(F)F)cc5)c5c(=O)n(*)c(=O)c5c(-c5ccc(C(F)(F)F)cc5)c4c3=O)c2)c1,13,1004
1005,*c1cccc(P(=O)(c2cccc(-n3c(=O)c4c(-c5ccccc5)c5c(=O)n(*)c(=O)c5c(-c5ccccc5)c4c3=O)c2)c2cc(C(F)(F)F)cc(C(F)(F)F)c2)c1,13,1005
1006,*c1cccc(P(=O)(c2ccc(C(F)(F)F)cc2)c2cccc(-n3c(=O)c4c(-c5ccccc5)c5c(=O)n(*)c(=O)c5c(-c5ccccc5)c4c3=O)c2)c1,13,1006
1007,*c1cccc(P(=O)(c2ccccc2)c2cccc(-n3c(=O)c4c(-c5ccccc5)c5c(=O)n(*)c(=O)c5c(-c5ccccc5)c4c3=O)c2)c1,13,1007
1008,*c1ccc(Oc2ccc(N3C(=O)c4cccc(Oc5cccc6c5C(=O)N(*)C6=O)c4C3=O)cc2)cc1,13,1008
1009,*c1ccc(Oc2ccc(N3C(=O)c4ccc(Oc5cccc6c5C(=O)N(*)C6=O)cc4C3=O)cc2)cc1,13,1009
1010,*c1ccc(Oc2ccc(Oc3ccc(N4C(=O)c5cccc(Oc6cccc7c6C(=O)N(*)C7=O)c5C4=O)cc3)cc2)cc1,13,1010
1011,*c1ccc(Oc2ccc(Oc3ccc(N4C(=O)c5ccc(Oc6cccc7c6C(=O)N(*)C7=O)cc5C4=O)cc3)cc2)cc1,13,1011
1012,*c1ccc(Oc2ccc(N3C(=O)C4CCC5C(=O)N(*)C(=O)C5C4C3=O)cc2)cc1,13,1012
1013,*c1ccc(Cc2ccc(N3C(=O)C4CCC5C(=O)N(*)C(=O)C5C4C3=O)c(C)c2)cc1C,13,1013
1014,*c1ccc(Oc2ccc(Oc3ccc(N4C(=O)C5CCC6C(=O)N(*)C(=O)C6C5C4=O)cc3)cc2)cc1,13,1014
1015,*c1ccc(Oc2ccc(C(C)(C)c3ccc(Oc4ccc(N5C(=O)C6CCC7C(=O)N(*)C(=O)C7C6C5=O)cc4)cc3)cc2)cc1,13,1015
1016,*C(=O)c1ccc2c(c1)C(=O)N(c1c(C)cc(Cc3cc(C)c(N4C(=O)c5ccc(*)cc5C4=O)c(C)c3)cc1C)C2=O,13,1016
1017,*C(=O)c1ccc2c(c1)C(=O)N(c1c(CC)cc(Cc3cc(CC)c(N4C(=O)c5ccc(*)cc5C4=O)c(CC)c3)cc1CC)C2=O,13,1017
1018,*C(=O)c1ccc2c(c1)C(=O)N(c1c(C(C)C)cc(Cc3cc(C(C)C)c(N4C(=O)c5ccc(*)cc5C4=O)c(C(C)C)c3)cc1C(C)C)C2=O,13,1018
1019,*c1ccc(Oc2ccc(Oc3ccc(N4C(=O)c5ccc(Oc6ccccc6Oc6ccc7c(c6)C(=O)N(*)C7=O)cc5C4=O)cc3C(F)(F)F)cc2)c(C(F)(F)F)c1,13,1019
1020,*c1ccc(Oc2ccccc2Oc2ccc(N3C(=O)c4ccc(Oc5ccccc5Oc5ccc6c(c5)C(=O)N(*)C6=O)cc4C3=O)cc2C(F)(F)F)c(C(F)(F)F)c1,13,1020
1021,*c1ccc(Oc2c(C)cc(-c3cc(C)c(Oc4ccc(N5C(=O)c6ccc(Oc7ccccc7Oc7ccc8c(c7)C(=O)N(*)C8=O)cc6C5=O)cc4C(F)(F)F)c(C)c3)cc2C)c(C(F)(F)F)c1,13,1021
1022,*c1ccc(Oc2ccc(C(c3ccc(Oc4ccc(N5C(=O)c6ccc(Oc7ccccc7Oc7ccc8c(c7)C(=O)N(*)C8=O)cc6C5=O)cc4C(F)(F)F)cc3)(C(F)(F)F)C(F)(F)F)cc2)c(C(F)(F)F)c1,13,1022
1023,*c1ccc(Oc2ccc(C3(c4ccc(Oc5ccc(N6C(=O)c7ccc(Oc8ccccc8Oc8ccc9c(c8)C(=O)N(*)C9=O)cc7C6=O)cc5C(F)(F)F)cc4)c4ccccc4-c4ccccc43)cc2)c(C(F)(F)F)c1,13,1023
1024,*c1ccc(N2C(=O)c3ccc(Oc4ccc(C(C)(C)c5cccc(Oc6ccc7c(c6)C(=O)N(*)C7=O)c5)cc4)cc3C2=O)cc1,13,1024
1025,*CCCCCCCCCCN1C(=O)C2C3C=CC(C4C(=O)N(*)C(=O)C34)C2C1=O,13,1025
1026,*C1CCC(CC2CCC(N3C(=O)C4C5C=CC(C6C(=O)N(*)C(=O)C56)C4C3=O)CC2)CC1,13,1026
1027,*C1CCC(CC2CCC(N3C(=O)C4C5C=CC(C6C(=O)N(*)C(=O)C56)C4C3=O)C(C)C2)CC1C,13,1027
1028,*c1cc(C(c2ccc(O)c(N3C(=O)c4ccc(Oc5ccc6c(c5)C(=O)N(*)C6=O)cc4C3=O)c2)(C(F)(F)F)C(F)(F)F)ccc1O,13,1028
1029,*c1ccc(C(C)(C)c2ccc(C(C)(C)c3ccc(N4C(=O)c5ccc(Oc6ccc7c(c6)C(=O)N(*)C7=O)cc5C4=O)cc3)cc2)cc1,13,1029
1030,*c1ccc(Sc2ccc(Sc3ccc(Sc4ccc(-n5c(=O)c6cc7c(=O)n(*)c(=O)c7cc6c5=O)cc4)cc3)cc2)cc1,13,1030
1031,*c1ccc(Sc2ccc3c(c2)Sc2ccc(Sc4ccc(-n5c(=O)c6cc7c(=O)n(*)c(=O)c7cc6c5=O)cc4)cc2S3)cc1,13,1031
1032,*C(=O)Oc1ccc(OC(=O)c2ccc3c(c2)C(=O)N(C2CCC(N4C(=O)c5ccc(*)cc5C4=O)CC2)C3=O)cc1,13,1032
1033,*C(=O)Oc1ccc(OC(=O)c2ccc3c(c2)C(=O)N(c2ccc(-c4ccc(N5C(=O)c6ccc(*)cc6C5=O)cc4C(F)(F)F)c(C(F)(F)F)c2)C3=O)cc1,13,1033
1034,*c1ccc(C(=O)Oc2ccc(-n3c(=O)c4cc5c(=O)n(*)c(=O)c5cc4c3=O)cc2)cc1,13,1034
1035,*c1ccc(C(=O)Oc2ccc(N3C(=O)c4ccc(-c5ccc6c(c5)C(=O)N(*)C6=O)cc4C3=O)cc2)cc1,13,1035
1036,*C(=O)Oc1ccc(OC(=O)c2ccc3c(c2)C(=O)N(c2ccc(C(=O)Oc4ccc(N5C(=O)c6ccc(*)cc6C5=O)cc4)cc2)C3=O)cc1,13,1036
1037,*c1ccc(C(=O)Nc2ccc(-n3c(=O)c4cc5c(=O)n(*)c(=O)c5cc4c3=O)cc2)cc1,13,1037
1038,*C(=O)Oc1ccc(OC(=O)c2ccc3c(c2)C(=O)N(c2ccc(C(=O)Nc4ccc(N5C(=O)c6ccc(*)cc6C5=O)cc4)cc2)C3=O)cc1,13,1038
1039,*c1cc(C(c2ccc(O)c(N3C(=O)c4ccc(-c5ccc6c(c5)C(=O)N(*)C6=O)cc4C3=O)c2)(C(F)(F)F)C(F)(F)F)ccc1O,13,1039
1040,*c1ccc2c(c1)C(=O)N(c1ccc(-c3ccc(Oc4ccc5c(c4)C(C)(c4ccc(Oc6ccc(-c7ccc(N8C(=O)c9ccc(C(*)(C(F)(F)F)C(F)(F)F)cc9C8=O)cc7)cc6C(F)(F)F)cc4)CC5(C)C)c(C(F)(F)F)c3)cc1)C2=O,13,1040
1041,*c1ccc(-c2ccc(Oc3ccc(C4(C)CC(C)(C)c5ccc(Oc6ccc(-c7ccc(N8C(=O)c9ccc(Oc%10ccc%11c(c%10)C(=O)N(*)C%11=O)cc9C8=O)cc7)cc6C(F)(F)F)cc54)cc3)c(C(F)(F)F)c2)cc1,13,1041
1042,*c1cccc(N2C(=O)c3ccc(-c4cccc5c4C(=O)N(*)C5=O)cc3C2=O)c1,13,1042
1043,*c1ccc(-c2ccc(N3C(=O)c4ccc(-c5cccc6c5C(=O)N(*)C6=O)cc4C3=O)c(C)c2)cc1C,13,1043
1044,*c1ccc(-c2ccc(N3C(=O)c4ccc(-c5cccc6c5C(=O)N(*)C6=O)cc4C3=O)cc2C)c(C)c1,13,1044
1045,*c1ccc(-c2ccc(N3C(=O)c4ccc(-c5cccc6c5C(=O)N(*)C6=O)cc4C3=O)cc2C(F)(F)F)c(C(F)(F)F)c1,13,1045
1046,*c1ccc(Oc2cccc(N3C(=O)c4ccc(-c5cccc6c5C(=O)N(*)C6=O)cc4C3=O)c2)cc1,13,1046
1047,*c1ccc(Oc2ccc(Oc3ccc(N4C(=O)c5ccc(-c6cccc7c6C(=O)N(*)C7=O)cc5C4=O)cc3)cc2)cc1,13,1047
1048,*c1ccc(Oc2cccc(Oc3ccc(N4C(=O)c5ccc(-c6cccc7c6C(=O)N(*)C7=O)cc5C4=O)cc3)c2)cc1,13,1048
1049,*c1cccc(Oc2cccc(Oc3cccc(N4C(=O)c5ccc(-c6cccc7c6C(=O)N(*)C7=O)cc5C4=O)c3)c2)c1,13,1049
1050,*c1ccc(-c2ccc(N3C(=O)c4cc5c(cc4C3=O)C(C(F)(F)F)(C(F)(F)F)c3cc4c(cc3O5)C(=O)N(*)C4=O)cc2C(F)(F)F)c(C(F)(F)F)c1,13,1050
1051,*c1ccc(-c2ccc(N3C(=O)c4cc5c(cc4C3=O)C(C(F)(F)F)(C(F)(F)F)c3cc4c(cc3O5)C(=O)N(*)C4=O)cc2OC(F)(F)F)c(OC(F)(F)F)c1,13,1051
1052,*C(=O)Nc1ccc(C2(c3ccc(NC(=O)c4ccc5c(c4)C(=O)N(c4ccc(Sc6ccc(Oc7ccc(Sc8ccc(N9C(=O)c%10ccc(*)cc%10C9=O)cc8)cc7)cc6)cc4)C5=O)cc3)c3ccccc3-c3ccccc32)cc1,13,1052
1053,*c1ccc(Sc2ccc(Oc3ccc(Sc4ccc(N5C(=O)c6ccc(Oc7ccc(C(C)(C)c8ccc(Oc9ccc%10c(c9)C(=O)N(*)C%10=O)cc8)cc7)cc6C5=O)cc4)cc3)cc2)cc1,13,1053
1054,*c1ccc2c(c1)C(=O)N(c1ccc(Sc3ccc(Oc4ccc(Sc5ccc(N6C(=O)c7ccc(C(*)(C(F)(F)F)C(F)(F)F)cc7C6=O)cc5)cc4)cc3)cc1)C2=O,13,1054
1055,*OC(C)COC(*)=O,15,1055
1056,*Oc1ccc2c(c1)C1(CC2(C)C)CC(C)(C)c2ccc(OC(*)=O)cc21,15,1056
1057,*Oc1ccc(C(C)(C)c2ccc(OC(*)=O)c(CC)c2)cc1CC,15,1057
1058,*Oc1ccc(C(C)(CCC#N)c2ccc(OC(*)=O)cc2)cc1,15,1058
1059,*Oc1ccc(C(C)(CCC#N)c2ccc(OC(*)=O)c(C)c2)cc1C,15,1059
1060,*Oc1ccc(C(CCC)(CCC)c2ccc(OC(*)=O)c(C)c2)cc1C,15,1060
1061,*Oc1ccc(C(CCCC)(CCCC)c2ccc(OC(*)=O)cc2)cc1,15,1061
1062,*CCCCCCCCCSC(=O)S*,15,1062
1063,*CCCCCCCCCCCCSC(=O)S*,15,1063
1064,*Sc1ccc(Cc2ccc(SC(*)=O)cc2)cc1,15,1064
1065,*Oc1ccc(C(C)(C)c2ccc(OC(=O)SCCCSC(*)=O)cc2)cc1,15,1065
1066,*Oc1ccc(C(C)(C)c2ccc(OC(=O)SCCCCCCSC(*)=O)cc2)cc1,15,1066
1067,*Oc1ccc(C(C)(C)c2ccc(OC(=O)Sc3ccc(C(C)(C)c4ccc(SC(*)=O)cc4)cc3)cc2)cc1,15,1067
1068,*C1CCC(*)N1,16,1068
1069,*Nc1ccc(*)cc1,16,1069
1070,*c1ccc(Cc2ccc(N(*)Cc3ccccc3)cc2)cc1,16,1070
1071,*Cc1cc(C(C)(C)c2ccc3c(c2)CN(C)CO3)cc(CN(*)C)c1O,16,1071
1072,*c1ccc(C(c2ccc(-c3nc4cc(-c5ccc6nc(*)[nH]c6c5)ccc4[nH]3)cc2)(C(F)(F)F)C(F)(F)F)cc1,16,1072
1073,*c1ccc(C(c2ccc(-c3nc4ccc(-c5ccc6nc(*)[nH]c6c5)cc4[nH]3)cc2)(C(F)(F)F)C(F)(F)F)cc1,16,1073
1074,*c1cccc(S(=O)(=O)NCCCCCCNS(*)(=O)=O)c1,20,1074
1075,*c1ccc(S(*)(=O)=O)cc1,20,1075
1076,*Cc1cc(*)c(O)cc1C,21,1076
